solid CATIA STL
  facet normal -8.829479e-01 -4.694709e-01  -0.000000e+00
    outer loop
      vertex  2.365287e+00  8.140000e+01  4.386082e+00
      vertex  2.365287e+00  8.140000e+01  1.713978e+01
      vertex  1.886748e+00  8.230000e+01  4.386082e+00
    endloop
  endfacet
  facet normal -8.829479e-01 -4.694709e-01  0.000000e+00
    outer loop
      vertex  1.886748e+00  8.230000e+01  4.386082e+00
      vertex  2.365287e+00  8.140000e+01  1.713978e+01
      vertex  1.886748e+00  8.230000e+01  1.713978e+01
    endloop
  endfacet
  facet normal  0.000000e+00 -1.000000e+00  -0.000000e+00
    outer loop
      vertex  2.386748e+00  8.140000e+01  4.386082e+00
      vertex  2.386748e+00  8.140000e+01  1.713978e+01
      vertex  2.365287e+00  8.140000e+01  4.386082e+00
    endloop
  endfacet
  facet normal  0.000000e+00 -1.000000e+00  0.000000e+00
    outer loop
      vertex  2.365287e+00  8.140000e+01  4.386082e+00
      vertex  2.386748e+00  8.140000e+01  1.713978e+01
      vertex  2.365287e+00  8.140000e+01  1.713978e+01
    endloop
  endfacet
  facet normal  0.000000e+00  0.000000e+00  9.999999e-01
    outer loop
      vertex  2.386748e+00  8.140000e+01  1.713978e+01
      vertex  2.386748e+00  8.240000e+01  1.713978e+01
      vertex  2.365287e+00  8.140000e+01  1.713978e+01
    endloop
  endfacet
  facet normal  0.000000e+00  -0.000000e+00  1.000000e+00
    outer loop
      vertex  2.365287e+00  8.140000e+01  1.713978e+01
      vertex  2.386748e+00  8.240000e+01  1.713978e+01
      vertex  1.886748e+00  8.240000e+01  1.713978e+01
    endloop
  endfacet
  facet normal  0.000000e+00  0.000000e+00  1.000000e+00
    outer loop
      vertex  2.365287e+00  8.140000e+01  1.713978e+01
      vertex  1.886748e+00  8.240000e+01  1.713978e+01
      vertex  1.886748e+00  8.230000e+01  1.713978e+01
    endloop
  endfacet
  facet normal  0.000000e+00  0.000000e+00 -1.000000e+00
    outer loop
      vertex  2.386748e+00  8.240000e+01  4.386082e+00
      vertex  2.386748e+00  8.140000e+01  4.386082e+00
      vertex  1.886748e+00  8.240000e+01  4.386082e+00
    endloop
  endfacet
  facet normal  0.000000e+00  0.000000e+00 -9.999999e-01
    outer loop
      vertex  1.886748e+00  8.240000e+01  4.386082e+00
      vertex  2.386748e+00  8.140000e+01  4.386082e+00
      vertex  2.365287e+00  8.140000e+01  4.386082e+00
    endloop
  endfacet
  facet normal  0.000000e+00  0.000000e+00 -9.999999e-01
    outer loop
      vertex  1.886748e+00  8.240000e+01  4.386082e+00
      vertex  2.365287e+00  8.140000e+01  4.386082e+00
      vertex  1.886748e+00  8.230000e+01  4.386082e+00
    endloop
  endfacet
  facet normal -1.000000e+00  0.000000e+00  0.000000e+00
    outer loop
      vertex  1.886748e+00  8.230000e+01  4.386082e+00
      vertex  1.886748e+00  8.230000e+01  1.713978e+01
      vertex  1.886748e+00  8.240000e+01  4.386082e+00
    endloop
  endfacet
  facet normal -1.000000e+00  0.000000e+00  0.000000e+00
    outer loop
      vertex  1.886748e+00  8.240000e+01  4.386082e+00
      vertex  1.886748e+00  8.230000e+01  1.713978e+01
      vertex  1.886748e+00  8.240000e+01  1.713978e+01
    endloop
  endfacet
  facet normal  8.829449e-01 -4.694768e-01  0.000000e+00
    outer loop
      vertex  1.331215e+02  8.140000e+01  4.386082e+00
      vertex  1.336000e+02  8.230000e+01  4.386082e+00
      vertex  1.331215e+02  8.140000e+01  1.713978e+01
    endloop
  endfacet
  facet normal  8.829449e-01 -4.694768e-01  0.000000e+00
    outer loop
      vertex  1.331215e+02  8.140000e+01  1.713978e+01
      vertex  1.336000e+02  8.230000e+01  4.386082e+00
      vertex  1.336000e+02  8.230000e+01  1.713978e+01
    endloop
  endfacet
  facet normal  0.000000e+00  0.000000e+00  1.000000e+00
    outer loop
      vertex  1.331000e+02  8.240000e+01  1.713978e+01
      vertex  1.331000e+02  8.140000e+01  1.713978e+01
      vertex  1.336000e+02  8.240000e+01  1.713978e+01
    endloop
  endfacet
  facet normal  0.000000e+00  0.000000e+00  1.000000e+00
    outer loop
      vertex  1.336000e+02  8.240000e+01  1.713978e+01
      vertex  1.331000e+02  8.140000e+01  1.713978e+01
      vertex  1.331215e+02  8.140000e+01  1.713978e+01
    endloop
  endfacet
  facet normal  0.000000e+00  0.000000e+00  1.000000e+00
    outer loop
      vertex  1.336000e+02  8.240000e+01  1.713978e+01
      vertex  1.331215e+02  8.140000e+01  1.713978e+01
      vertex  1.336000e+02  8.230000e+01  1.713978e+01
    endloop
  endfacet
  facet normal  0.000000e+00  0.000000e+00 -1.000000e+00
    outer loop
      vertex  1.331000e+02  8.140000e+01  4.386082e+00
      vertex  1.331000e+02  8.240000e+01  4.386082e+00
      vertex  1.331215e+02  8.140000e+01  4.386082e+00
    endloop
  endfacet
  facet normal  0.000000e+00  0.000000e+00 -1.000000e+00
    outer loop
      vertex  1.331215e+02  8.140000e+01  4.386082e+00
      vertex  1.331000e+02  8.240000e+01  4.386082e+00
      vertex  1.336000e+02  8.240000e+01  4.386082e+00
    endloop
  endfacet
  facet normal  0.000000e+00  -0.000000e+00 -1.000000e+00
    outer loop
      vertex  1.331215e+02  8.140000e+01  4.386082e+00
      vertex  1.336000e+02  8.240000e+01  4.386082e+00
      vertex  1.336000e+02  8.230000e+01  4.386082e+00
    endloop
  endfacet
  facet normal  0.000000e+00 -1.000000e+00  -0.000000e+00
    outer loop
      vertex  1.331215e+02  8.140000e+01  4.386082e+00
      vertex  1.331215e+02  8.140000e+01  1.713978e+01
      vertex  1.331000e+02  8.140000e+01  4.386082e+00
    endloop
  endfacet
  facet normal  0.000000e+00 -1.000000e+00  0.000000e+00
    outer loop
      vertex  1.331000e+02  8.140000e+01  4.386082e+00
      vertex  1.331215e+02  8.140000e+01  1.713978e+01
      vertex  1.331000e+02  8.140000e+01  1.713978e+01
    endloop
  endfacet
  facet normal  1.000000e+00  0.000000e+00  0.000000e+00
    outer loop
      vertex  1.336000e+02  8.230000e+01  4.386082e+00
      vertex  1.336000e+02  8.240000e+01  4.386082e+00
      vertex  1.336000e+02  8.230000e+01  1.713978e+01
    endloop
  endfacet
  facet normal  1.000000e+00  -0.000000e+00  0.000000e+00
    outer loop
      vertex  1.336000e+02  8.230000e+01  1.713978e+01
      vertex  1.336000e+02  8.240000e+01  4.386082e+00
      vertex  1.336000e+02  8.240000e+01  1.713978e+01
    endloop
  endfacet
  facet normal  0.000000e+00  1.000000e+00  -0.000000e+00
    outer loop
      vertex  1.336000e+02  8.240000e+01  1.713978e+01
      vertex  1.336000e+02  8.240000e+01  4.386082e+00
      vertex  1.331000e+02  8.240000e+01  4.386082e+00
    endloop
  endfacet
  facet normal  0.000000e+00  1.000000e+00  0.000000e+00
    outer loop
      vertex  1.298209e+02  8.240000e+01  2.396592e+01
      vertex  1.324496e+02  8.240000e+01  2.396592e+01
      vertex  1.327785e+02  8.240000e+01  2.394119e+01
    endloop
  endfacet
  facet normal  0.000000e+00  1.000000e+00  0.000000e+00
    outer loop
      vertex  3.221498e+00  8.240000e+01 -3.920906e+00
      vertex  2.889844e+00  8.240000e+01 -3.888241e+00
      vertex  1.123136e+02  8.240000e+01 -3.920906e+00
    endloop
  endfacet
  facet normal  -0.000000e+00  1.000000e+00  0.000000e+00
    outer loop
      vertex  1.346059e+02  8.240000e+01 -1.200000e+00
      vertex  1.331000e+02  8.240000e+01  2.600000e+00
      vertex  1.346059e+02  8.240000e+01  2.600000e+00
    endloop
  endfacet
  facet normal  -0.000000e+00  1.000000e+00  0.000000e+00
    outer loop
      vertex  1.886748e+00  8.240000e+01  4.386082e+00
      vertex  1.886748e+00  8.240000e+01  1.713978e+01
      vertex  2.386748e+00  8.240000e+01  1.713978e+01
    endloop
  endfacet
  facet normal  -0.000000e+00  1.000000e+00  0.000000e+00
    outer loop
      vertex  1.886748e+00  8.240000e+01  4.386082e+00
      vertex  2.386748e+00  8.240000e+01  1.713978e+01
      vertex  1.331000e+02  8.240000e+01  1.713978e+01
    endloop
  endfacet
  facet normal  -0.000000e+00  1.000000e+00  0.000000e+00
    outer loop
      vertex  1.886748e+00  8.240000e+01  4.386082e+00
      vertex  1.331000e+02  8.240000e+01  1.713978e+01
      vertex  1.336000e+02  8.240000e+01  1.713978e+01
    endloop
  endfacet
  facet normal  0.000000e+00  1.000000e+00  0.000000e+00
    outer loop
      vertex  1.886748e+00  8.240000e+01  4.386082e+00
      vertex  1.336000e+02  8.240000e+01  1.713978e+01
      vertex  2.386748e+00  8.240000e+01  4.386082e+00
    endloop
  endfacet
  facet normal  0.000000e+00  1.000000e+00  0.000000e+00
    outer loop
      vertex  1.521497e+00  8.240000e+01 -1.200000e+00
      vertex  7.941126e-01  8.240000e+01 -1.200000e+00
      vertex  7.941126e-01  8.240000e+01  2.700000e+00
    endloop
  endfacet
  facet normal  0.000000e+00  9.999999e-01  0.000000e+00
    outer loop
      vertex  1.521497e+00  8.240000e+01 -1.200000e+00
      vertex  7.941126e-01  8.240000e+01  2.700000e+00
      vertex  1.322200e+02  8.240000e+01 -1.200000e+00
    endloop
  endfacet
  facet normal  0.000000e+00  1.000000e+00  0.000000e+00
    outer loop
      vertex  1.521497e+00  8.240000e+01 -1.200000e+00
      vertex  1.322200e+02  8.240000e+01 -1.200000e+00
      vertex  1.322200e+02  8.240000e+01 -2.220906e+00
    endloop
  endfacet
  facet normal  0.000000e+00  1.000000e+00  0.000000e+00
    outer loop
      vertex  1.521497e+00  8.240000e+01 -1.200000e+00
      vertex  1.322200e+02  8.240000e+01 -2.220906e+00
      vertex  1.521497e+00  8.240000e+01 -2.220906e+00
    endloop
  endfacet
  facet normal  0.000000e+00  1.000000e+00  0.000000e+00
    outer loop
      vertex  1.046844e+01  8.240000e+01  2.010118e+01
      vertex  2.386748e+00  8.240000e+01  1.713978e+01
      vertex  2.386748e+00  8.240000e+01  1.996924e+01
    endloop
  endfacet
  facet normal  0.000000e+00  9.999999e-01  0.000000e+00
    outer loop
      vertex  1.046844e+01  8.240000e+01  2.010118e+01
      vertex  2.386748e+00  8.240000e+01  1.996924e+01
      vertex  2.756200e+00  8.240000e+01  2.006795e+01
    endloop
  endfacet
  facet normal  0.000000e+00  1.000000e+00  0.000000e+00
    outer loop
      vertex  1.046844e+01  8.240000e+01  2.010118e+01
      vertex  2.756200e+00  8.240000e+01  2.006795e+01
      vertex  3.137163e+00  8.240000e+01  2.010118e+01
    endloop
  endfacet
  facet normal  0.000000e+00  1.000000e+00  0.000000e+00
    outer loop
      vertex  1.521497e+00  8.240000e+01 -2.220906e+00
      vertex  1.322200e+02  8.240000e+01 -2.220906e+00
      vertex  1.554163e+00  8.240000e+01 -2.552560e+00
    endloop
  endfacet
  facet normal  0.000000e+00  1.000000e+00  0.000000e+00
    outer loop
      vertex  1.554163e+00  8.240000e+01 -2.552560e+00
      vertex  1.322200e+02  8.240000e+01 -2.220906e+00
      vertex  1.321873e+02  8.240000e+01 -2.552560e+00
    endloop
  endfacet
  facet normal  0.000000e+00  9.999999e-01  0.000000e+00
    outer loop
      vertex  1.554163e+00  8.240000e+01 -2.552560e+00
      vertex  1.321873e+02  8.240000e+01 -2.552560e+00
      vertex  1.650902e+00  8.240000e+01 -2.871468e+00
    endloop
  endfacet
  facet normal  0.000000e+00  9.999999e-01  0.000000e+00
    outer loop
      vertex  1.650902e+00  8.240000e+01 -2.871468e+00
      vertex  1.321873e+02  8.240000e+01 -2.552560e+00
      vertex  1.320906e+02  8.240000e+01 -2.871468e+00
    endloop
  endfacet
  facet normal  0.000000e+00  1.000000e+00  0.000000e+00
    outer loop
      vertex  1.650902e+00  8.240000e+01 -2.871468e+00
      vertex  1.320906e+02  8.240000e+01 -2.871468e+00
      vertex  1.807999e+00  8.240000e+01 -3.165375e+00
    endloop
  endfacet
  facet normal  0.000000e+00  1.000000e+00  0.000000e+00
    outer loop
      vertex  1.807999e+00  8.240000e+01 -3.165375e+00
      vertex  1.320906e+02  8.240000e+01 -2.871468e+00
      vertex  1.319335e+02  8.240000e+01 -3.165375e+00
    endloop
  endfacet
  facet normal  0.000000e+00  1.000000e+00  0.000000e+00
    outer loop
      vertex  1.807999e+00  8.240000e+01 -3.165375e+00
      vertex  1.319335e+02  8.240000e+01 -3.165375e+00
      vertex  2.019416e+00  8.240000e+01 -3.422987e+00
    endloop
  endfacet
  facet normal  0.000000e+00  1.000000e+00  0.000000e+00
    outer loop
      vertex  2.019416e+00  8.240000e+01 -3.422987e+00
      vertex  1.319335e+02  8.240000e+01 -3.165375e+00
      vertex  1.317221e+02  8.240000e+01 -3.422987e+00
    endloop
  endfacet
  facet normal  0.000000e+00  1.000000e+00  0.000000e+00
    outer loop
      vertex  2.019416e+00  8.240000e+01 -3.422987e+00
      vertex  1.317221e+02  8.240000e+01 -3.422987e+00
      vertex  2.277028e+00  8.240000e+01 -3.634404e+00
    endloop
  endfacet
  facet normal  0.000000e+00  1.000000e+00  0.000000e+00
    outer loop
      vertex  2.277028e+00  8.240000e+01 -3.634404e+00
      vertex  1.317221e+02  8.240000e+01 -3.422987e+00
      vertex  1.314645e+02  8.240000e+01 -3.634404e+00
    endloop
  endfacet
  facet normal  0.000000e+00  1.000000e+00  0.000000e+00
    outer loop
      vertex  2.277028e+00  8.240000e+01 -3.634404e+00
      vertex  1.314645e+02  8.240000e+01 -3.634404e+00
      vertex  2.570936e+00  8.240000e+01 -3.791501e+00
    endloop
  endfacet
  facet normal  0.000000e+00  1.000000e+00  0.000000e+00
    outer loop
      vertex  2.570936e+00  8.240000e+01 -3.791501e+00
      vertex  1.314645e+02  8.240000e+01 -3.634404e+00
      vertex  1.311706e+02  8.240000e+01 -3.791501e+00
    endloop
  endfacet
  facet normal  0.000000e+00  9.999999e-01  0.000000e+00
    outer loop
      vertex  2.570936e+00  8.240000e+01 -3.791501e+00
      vertex  1.311706e+02  8.240000e+01 -3.791501e+00
      vertex  2.889844e+00  8.240000e+01 -3.888241e+00
    endloop
  endfacet
  facet normal  0.000000e+00  1.000000e+00  0.000000e+00
    outer loop
      vertex  2.889844e+00  8.240000e+01 -3.888241e+00
      vertex  1.311706e+02  8.240000e+01 -3.791501e+00
      vertex  1.308517e+02  8.240000e+01 -3.888241e+00
    endloop
  endfacet
  facet normal  0.000000e+00  1.000000e+00  0.000000e+00
    outer loop
      vertex  2.889844e+00  8.240000e+01 -3.888241e+00
      vertex  1.308517e+02  8.240000e+01 -3.888241e+00
      vertex  1.123136e+02  8.240000e+01 -3.920906e+00
    endloop
  endfacet
  facet normal  0.000000e+00  1.000000e+00  0.000000e+00
    outer loop
      vertex  1.123136e+02  8.240000e+01 -3.920906e+00
      vertex  1.308517e+02  8.240000e+01 -3.888241e+00
      vertex  1.305200e+02  8.240000e+01 -3.920906e+00
    endloop
  endfacet
  facet normal  0.000000e+00  1.000000e+00  0.000000e+00
    outer loop
      vertex  1.346059e+02  8.240000e+01 -1.200000e+00
      vertex  1.322200e+02  8.240000e+01 -1.200000e+00
      vertex  1.331000e+02  8.240000e+01  2.600000e+00
    endloop
  endfacet
  facet normal  0.000000e+00  1.000000e+00  0.000000e+00
    outer loop
      vertex  1.331000e+02  8.240000e+01  2.600000e+00
      vertex  1.322200e+02  8.240000e+01 -1.200000e+00
      vertex  7.941126e-01  8.240000e+01  2.700000e+00
    endloop
  endfacet
  facet normal  -0.000000e+00  1.000000e+00  0.000000e+00
    outer loop
      vertex  1.331000e+02  8.240000e+01  2.600000e+00
      vertex  7.941126e-01  8.240000e+01  2.700000e+00
      vertex  2.386748e+00  8.240000e+01  2.700000e+00
    endloop
  endfacet
  facet normal  0.000000e+00  1.000000e+00  0.000000e+00
    outer loop
      vertex  1.331000e+02  8.240000e+01  1.713978e+01
      vertex  2.386748e+00  8.240000e+01  1.713978e+01
      vertex  1.331000e+02  8.240000e+01  2.386757e+01
    endloop
  endfacet
  facet normal  0.000000e+00  1.000000e+00  0.000000e+00
    outer loop
      vertex  1.331000e+02  8.240000e+01  2.386757e+01
      vertex  2.386748e+00  8.240000e+01  1.713978e+01
      vertex  1.046844e+01  8.240000e+01  2.010118e+01
    endloop
  endfacet
  facet normal  0.000000e+00  9.999999e-01  0.000000e+00
    outer loop
      vertex  1.331000e+02  8.240000e+01  2.386757e+01
      vertex  1.046844e+01  8.240000e+01  2.010118e+01
      vertex  1.327785e+02  8.240000e+01  2.394119e+01
    endloop
  endfacet
  facet normal  0.000000e+00  9.999999e-01  0.000000e+00
    outer loop
      vertex  1.327785e+02  8.240000e+01  2.394119e+01
      vertex  1.046844e+01  8.240000e+01  2.010118e+01
      vertex  1.033132e+02  8.240000e+01  2.396592e+01
    endloop
  endfacet
  facet normal  -0.000000e+00  1.000000e+00  0.000000e+00
    outer loop
      vertex  1.327785e+02  8.240000e+01  2.394119e+01
      vertex  1.033132e+02  8.240000e+01  2.396592e+01
      vertex  1.298209e+02  8.240000e+01  2.396592e+01
    endloop
  endfacet
  facet normal  -0.000000e+00  1.000000e+00  0.000000e+00
    outer loop
      vertex  1.331000e+02  8.240000e+01  2.600000e+00
      vertex  2.386748e+00  8.240000e+01  2.700000e+00
      vertex  1.331000e+02  8.240000e+01  4.386082e+00
    endloop
  endfacet
  facet normal  0.000000e+00  1.000000e+00  0.000000e+00
    outer loop
      vertex  1.331000e+02  8.240000e+01  4.386082e+00
      vertex  2.386748e+00  8.240000e+01  2.700000e+00
      vertex  2.386748e+00  8.240000e+01  4.386082e+00
    endloop
  endfacet
  facet normal  0.000000e+00  1.000000e+00  0.000000e+00
    outer loop
      vertex  1.331000e+02  8.240000e+01  4.386082e+00
      vertex  2.386748e+00  8.240000e+01  4.386082e+00
      vertex  1.336000e+02  8.240000e+01  1.713978e+01
    endloop
  endfacet
  facet normal  0.000000e+00  1.000000e+00  0.000000e+00
    outer loop
      vertex  1.033132e+02  8.240000e+01  2.396592e+01
      vertex  1.046844e+01  8.240000e+01  2.010118e+01
      vertex  1.033132e+02  8.240000e+01  2.446370e+01
    endloop
  endfacet
  facet normal  0.000000e+00  1.000000e+00  0.000000e+00
    outer loop
      vertex  1.033132e+02  8.240000e+01  2.446370e+01
      vertex  1.046844e+01  8.240000e+01  2.010118e+01
      vertex  1.046844e+01  8.240000e+01  2.446370e+01
    endloop
  endfacet
  facet normal  0.000000e+00  1.000000e+00  0.000000e+00
    outer loop
      vertex  1.033132e+02  8.240000e+01  2.446370e+01
      vertex  1.046844e+01  8.240000e+01  2.446370e+01
      vertex  1.032798e+02  8.240000e+01  2.484573e+01
    endloop
  endfacet
  facet normal  0.000000e+00  1.000000e+00  0.000000e+00
    outer loop
      vertex  1.032798e+02  8.240000e+01  2.484573e+01
      vertex  1.046844e+01  8.240000e+01  2.446370e+01
      vertex  1.050186e+01  8.240000e+01  2.484573e+01
    endloop
  endfacet
  facet normal  0.000000e+00  1.000000e+00  0.000000e+00
    outer loop
      vertex  1.032798e+02  8.240000e+01  2.484573e+01
      vertex  1.050186e+01  8.240000e+01  2.484573e+01
      vertex  1.031805e+02  8.240000e+01  2.521615e+01
    endloop
  endfacet
  facet normal  0.000000e+00  1.000000e+00  0.000000e+00
    outer loop
      vertex  1.031805e+02  8.240000e+01  2.521615e+01
      vertex  1.050186e+01  8.240000e+01  2.484573e+01
      vertex  1.060112e+01  8.240000e+01  2.521615e+01
    endloop
  endfacet
  facet normal  0.000000e+00  1.000000e+00  0.000000e+00
    outer loop
      vertex  1.031805e+02  8.240000e+01  2.521615e+01
      vertex  1.060112e+01  8.240000e+01  2.521615e+01
      vertex  1.030185e+02  8.240000e+01  2.556370e+01
    endloop
  endfacet
  facet normal  0.000000e+00  1.000000e+00  0.000000e+00
    outer loop
      vertex  1.030185e+02  8.240000e+01  2.556370e+01
      vertex  1.060112e+01  8.240000e+01  2.521615e+01
      vertex  1.076318e+01  8.240000e+01  2.556370e+01
    endloop
  endfacet
  facet normal  0.000000e+00  9.999999e-01  0.000000e+00
    outer loop
      vertex  1.030185e+02  8.240000e+01  2.556370e+01
      vertex  1.076318e+01  8.240000e+01  2.556370e+01
      vertex  1.027985e+02  8.240000e+01  2.587784e+01
    endloop
  endfacet
  facet normal  0.000000e+00  1.000000e+00  0.000000e+00
    outer loop
      vertex  1.027985e+02  8.240000e+01  2.587784e+01
      vertex  1.076318e+01  8.240000e+01  2.556370e+01
      vertex  1.098314e+01  8.240000e+01  2.587784e+01
    endloop
  endfacet
  facet normal  0.000000e+00  1.000000e+00  0.000000e+00
    outer loop
      vertex  1.027985e+02  8.240000e+01  2.587784e+01
      vertex  1.098314e+01  8.240000e+01  2.587784e+01
      vertex  1.025274e+02  8.240000e+01  2.614900e+01
    endloop
  endfacet
  facet normal  0.000000e+00  1.000000e+00  0.000000e+00
    outer loop
      vertex  1.025274e+02  8.240000e+01  2.614900e+01
      vertex  1.098314e+01  8.240000e+01  2.587784e+01
      vertex  1.125431e+01  8.240000e+01  2.614900e+01
    endloop
  endfacet
  facet normal  0.000000e+00  1.000000e+00  0.000000e+00
    outer loop
      vertex  1.025274e+02  8.240000e+01  2.614900e+01
      vertex  1.125431e+01  8.240000e+01  2.614900e+01
      vertex  1.022132e+02  8.240000e+01  2.636896e+01
    endloop
  endfacet
  facet normal  0.000000e+00  1.000000e+00  0.000000e+00
    outer loop
      vertex  1.022132e+02  8.240000e+01  2.636896e+01
      vertex  1.125431e+01  8.240000e+01  2.614900e+01
      vertex  1.156844e+01  8.240000e+01  2.636896e+01
    endloop
  endfacet
  facet normal  0.000000e+00  9.999999e-01  0.000000e+00
    outer loop
      vertex  1.022132e+02  8.240000e+01  2.636896e+01
      vertex  1.156844e+01  8.240000e+01  2.636896e+01
      vertex  1.018657e+02  8.240000e+01  2.653103e+01
    endloop
  endfacet
  facet normal  0.000000e+00  9.999999e-01  0.000000e+00
    outer loop
      vertex  1.018657e+02  8.240000e+01  2.653103e+01
      vertex  1.156844e+01  8.240000e+01  2.636896e+01
      vertex  1.191600e+01  8.240000e+01  2.653103e+01
    endloop
  endfacet
  facet normal  0.000000e+00  1.000000e+00  0.000000e+00
    outer loop
      vertex  1.018657e+02  8.240000e+01  2.653103e+01
      vertex  1.191600e+01  8.240000e+01  2.653103e+01
      vertex  1.014953e+02  8.240000e+01  2.663028e+01
    endloop
  endfacet
  facet normal  0.000000e+00  1.000000e+00  0.000000e+00
    outer loop
      vertex  1.014953e+02  8.240000e+01  2.663028e+01
      vertex  1.191600e+01  8.240000e+01  2.653103e+01
      vertex  1.228641e+01  8.240000e+01  2.663028e+01
    endloop
  endfacet
  facet normal  0.000000e+00  1.000000e+00  0.000000e+00
    outer loop
      vertex  1.014953e+02  8.240000e+01  2.663028e+01
      vertex  1.228641e+01  8.240000e+01  2.663028e+01
      vertex  1.011132e+02  8.240000e+01  2.666370e+01
    endloop
  endfacet
  facet normal  0.000000e+00  1.000000e+00  0.000000e+00
    outer loop
      vertex  1.011132e+02  8.240000e+01  2.666370e+01
      vertex  1.228641e+01  8.240000e+01  2.663028e+01
      vertex  1.266844e+01  8.240000e+01  2.666370e+01
    endloop
  endfacet
  facet normal  0.000000e+00 -1.000000e+00  -0.000000e+00
    outer loop
      vertex  1.329206e+02  7.500000e+01  1.796592e+01
      vertex  1.329206e+02  7.500000e+01  2.193694e+01
      vertex  1.298209e+02  7.500000e+01  1.796592e+01
    endloop
  endfacet
  facet normal  0.000000e+00 -1.000000e+00  0.000000e+00
    outer loop
      vertex  1.298209e+02  7.500000e+01  1.796592e+01
      vertex  1.329206e+02  7.500000e+01  2.193694e+01
      vertex  1.298209e+02  7.500000e+01  2.193694e+01
    endloop
  endfacet
  facet normal  0.000000e+00 -1.736482e-01 -9.848078e-01
    outer loop
      vertex  1.329206e+02  7.500000e+01  2.128981e+00
      vertex  1.274496e+02  7.500000e+01  2.128981e+00
      vertex  1.274496e+02  7.800000e+01  1.600000e+00
    endloop
  endfacet
  facet normal  0.000000e+00 -1.736481e-01 -9.848077e-01
    outer loop
      vertex  1.329206e+02  7.500000e+01  2.128981e+00
      vertex  1.274496e+02  7.800000e+01  1.600000e+00
      vertex  1.329496e+02  7.800000e+01  1.600000e+00
    endloop
  endfacet
  facet normal -5.191171e-05 -1.736476e-01 -9.848078e-01
    outer loop
      vertex  1.329206e+02  7.500000e+01  2.128981e+00
      vertex  1.329496e+02  7.800000e+01  1.600000e+00
      vertex  1.329601e+02  7.799958e+01  1.600073e+00
    endloop
  endfacet
  facet normal  1.448192e-04 -1.736502e-01 -9.848074e-01
    outer loop
      vertex  1.329206e+02  7.500000e+01  2.128981e+00
      vertex  1.329601e+02  7.799958e+01  1.600073e+00
      vertex  1.329654e+02  7.799882e+01  1.600209e+00
    endloop
  endfacet
  facet normal -4.217170e-05 -1.736475e-01 -9.848079e-01
    outer loop
      vertex  1.329206e+02  7.500000e+01  2.128981e+00
      vertex  1.329654e+02  7.799882e+01  1.600209e+00
      vertex  1.329732e+02  7.799695e+01  1.600538e+00
    endloop
  endfacet
  facet normal  1.887932e-05 -1.736485e-01 -9.848076e-01
    outer loop
      vertex  1.329206e+02  7.500000e+01  2.128981e+00
      vertex  1.329732e+02  7.799695e+01  1.600538e+00
      vertex  1.329845e+02  7.799309e+01  1.601219e+00
    endloop
  endfacet
  facet normal -2.414992e-05 -1.736476e-01 -9.848079e-01
    outer loop
      vertex  1.329206e+02  7.500000e+01  2.128981e+00
      vertex  1.329845e+02  7.799309e+01  1.601219e+00
      vertex  1.330021e+02  7.798431e+01  1.602766e+00
    endloop
  endfacet
  facet normal  5.125610e-05 -1.736496e-01 -9.848076e-01
    outer loop
      vertex  1.329206e+02  7.500000e+01  2.128981e+00
      vertex  1.330021e+02  7.798431e+01  1.602766e+00
      vertex  1.330131e+02  7.797703e+01  1.604051e+00
    endloop
  endfacet
  facet normal  1.576124e-05 -1.736485e-01 -9.848077e-01
    outer loop
      vertex  1.329206e+02  7.500000e+01  2.128981e+00
      vertex  1.330131e+02  7.797703e+01  1.604051e+00
      vertex  1.330331e+02  7.796015e+01  1.607027e+00
    endloop
  endfacet
  facet normal -3.665170e-05 -1.736466e-01 -9.848080e-01
    outer loop
      vertex  1.329206e+02  7.500000e+01  2.128981e+00
      vertex  1.330331e+02  7.796015e+01  1.607027e+00
      vertex  1.330583e+02  7.793214e+01  1.611966e+00
    endloop
  endfacet
  facet normal  2.373751e-05 -1.736494e-01 -9.848076e-01
    outer loop
      vertex  1.329206e+02  7.500000e+01  2.128981e+00
      vertex  1.330583e+02  7.793214e+01  1.611966e+00
      vertex  1.330733e+02  7.791187e+01  1.615539e+00
    endloop
  endfacet
  facet normal  1.688820e-05 -1.736490e-01 -9.848076e-01
    outer loop
      vertex  1.329206e+02  7.500000e+01  2.128981e+00
      vertex  1.330733e+02  7.791187e+01  1.615539e+00
      vertex  1.330997e+02  7.786925e+01  1.623056e+00
    endloop
  endfacet
  facet normal -1.053241e-05 -1.736474e-01 -9.848078e-01
    outer loop
      vertex  1.329206e+02  7.500000e+01  2.128981e+00
      vertex  1.330997e+02  7.786925e+01  1.623056e+00
      vertex  1.331236e+02  7.782272e+01  1.631259e+00
    endloop
  endfacet
  facet normal -1.586553e-05 -1.736470e-01 -9.848079e-01
    outer loop
      vertex  1.329206e+02  7.500000e+01  2.128981e+00
      vertex  1.331236e+02  7.782272e+01  1.631259e+00
      vertex  1.331639e+02  7.772623e+01  1.648272e+00
    endloop
  endfacet
  facet normal  1.282482e-05 -1.736495e-01 -9.848076e-01
    outer loop
      vertex  1.329206e+02  7.500000e+01  2.128981e+00
      vertex  1.331639e+02  7.772623e+01  1.648272e+00
      vertex  1.332039e+02  7.760565e+01  1.669534e+00
    endloop
  endfacet
  facet normal  9.518224e-08 -1.736481e-01 -9.848077e-01
    outer loop
      vertex  1.329206e+02  7.500000e+01  2.128981e+00
      vertex  1.332039e+02  7.760565e+01  1.669534e+00
      vertex  1.332660e+02  7.736000e+01  1.712849e+00
    endloop
  endfacet
  facet normal -5.259407e-06 -1.736474e-01 -9.848078e-01
    outer loop
      vertex  1.329206e+02  7.500000e+01  2.128981e+00
      vertex  1.332660e+02  7.736000e+01  1.712849e+00
      vertex  1.333031e+02  7.716946e+01  1.746447e+00
    endloop
  endfacet
  facet normal  0.000000e+00 -1.000000e+00  -0.000000e+00
    outer loop
      vertex  1.329206e+02  7.500000e+01  2.128981e+00
      vertex  1.329206e+02  7.500000e+01  5.600000e+00
      vertex  1.274496e+02  7.500000e+01  2.128981e+00
    endloop
  endfacet
  facet normal  0.000000e+00 -1.000000e+00  0.000000e+00
    outer loop
      vertex  1.274496e+02  7.500000e+01  2.128981e+00
      vertex  1.329206e+02  7.500000e+01  5.600000e+00
      vertex  1.274496e+02  7.500000e+01  5.600000e+00
    endloop
  endfacet
  facet normal  -0.000000e+00 -1.000000e+00  -0.000000e+00
    outer loop
      vertex  1.349016e+02  8.120000e+01  1.400000e+00
      vertex  1.349016e+02  8.120000e+01  2.600000e+00
      vertex  1.334496e+02  8.120000e+01  2.600000e+00
    endloop
  endfacet
  facet normal  0.000000e+00 -1.000000e+00  0.000000e+00
    outer loop
      vertex  1.349016e+02  8.120000e+01  1.400000e+00
      vertex  1.334496e+02  8.120000e+01  2.600000e+00
      vertex  1.334496e+02  8.120000e+01  2.100000e+00
    endloop
  endfacet
  facet normal  0.000000e+00 -1.000000e+00  -0.000000e+00
    outer loop
      vertex  1.349016e+02  8.120000e+01  1.400000e+00
      vertex  1.334496e+02  8.120000e+01  2.100000e+00
      vertex  1.334403e+02  8.120000e+01  2.003993e+00
    endloop
  endfacet
  facet normal  0.000000e+00 -1.000000e+00  -0.000000e+00
    outer loop
      vertex  1.349016e+02  8.120000e+01  1.400000e+00
      vertex  1.334403e+02  8.120000e+01  2.003993e+00
      vertex  1.334127e+02  8.120000e+01  1.911560e+00
    endloop
  endfacet
  facet normal  0.000000e+00 -1.000000e+00  -0.000000e+00
    outer loop
      vertex  1.349016e+02  8.120000e+01  1.400000e+00
      vertex  1.334127e+02  8.120000e+01  1.911560e+00
      vertex  1.333679e+02  8.120000e+01  1.826139e+00
    endloop
  endfacet
  facet normal  0.000000e+00 -1.000000e+00  -0.000000e+00
    outer loop
      vertex  1.349016e+02  8.120000e+01  1.400000e+00
      vertex  1.333679e+02  8.120000e+01  1.826139e+00
      vertex  1.333075e+02  8.120000e+01  1.750910e+00
    endloop
  endfacet
  facet normal  0.000000e+00 -1.000000e+00  -0.000000e+00
    outer loop
      vertex  1.349016e+02  8.120000e+01  1.400000e+00
      vertex  1.333075e+02  8.120000e+01  1.750910e+00
      vertex  1.332339e+02  8.120000e+01  1.688672e+00
    endloop
  endfacet
  facet normal  0.000000e+00 -9.999999e-01  -0.000000e+00
    outer loop
      vertex  1.349016e+02  8.120000e+01  1.400000e+00
      vertex  1.332339e+02  8.120000e+01  1.688672e+00
      vertex  1.331496e+02  8.120000e+01  1.641742e+00
    endloop
  endfacet
  facet normal  0.000000e+00 -1.000000e+00  0.000000e+00
    outer loop
      vertex  1.349016e+02  8.120000e+01  1.400000e+00
      vertex  1.331496e+02  8.120000e+01  1.641742e+00
      vertex  1.331496e+02  8.120000e+01  1.400000e+00
    endloop
  endfacet
  facet normal  1.000000e+00  0.000000e+00  0.000000e+00
    outer loop
      vertex  1.334496e+02  7.800000e+01  2.600000e+00
      vertex  1.334496e+02  7.800000e+01  2.100000e+00
      vertex  1.334496e+02  8.120000e+01  2.600000e+00
    endloop
  endfacet
  facet normal  1.000000e+00  0.000000e+00  0.000000e+00
    outer loop
      vertex  1.334496e+02  8.120000e+01  2.600000e+00
      vertex  1.334496e+02  7.800000e+01  2.100000e+00
      vertex  1.334496e+02  8.120000e+01  2.100000e+00
    endloop
  endfacet
  facet normal  0.000000e+00 -1.000000e+00  0.000000e+00
    outer loop
      vertex  1.331000e+02  8.120000e+01  2.386757e+01
      vertex  1.293209e+02  8.120000e+01  2.396592e+01
      vertex  1.293209e+02  8.120000e+01  2.246592e+01
    endloop
  endfacet
  facet normal  0.000000e+00 -1.000000e+00  0.000000e+00
    outer loop
      vertex  1.331000e+02  8.120000e+01  2.386757e+01
      vertex  1.293209e+02  8.120000e+01  2.246592e+01
      vertex  1.329496e+02  8.120000e+01  2.246592e+01
    endloop
  endfacet
  facet normal  0.000000e+00 -1.000000e+00  0.000000e+00
    outer loop
      vertex  1.331000e+02  8.120000e+01  2.386757e+01
      vertex  1.329496e+02  8.120000e+01  2.246592e+01
      vertex  1.330257e+02  8.120000e+01  2.246009e+01
    endloop
  endfacet
  facet normal  0.000000e+00 -1.000000e+00  0.000000e+00
    outer loop
      vertex  1.331000e+02  8.120000e+01  2.386757e+01
      vertex  1.330257e+02  8.120000e+01  2.246009e+01
      vertex  1.331000e+02  8.120000e+01  2.244276e+01
    endloop
  endfacet
  facet normal  0.000000e+00 -1.000000e+00  0.000000e+00
    outer loop
      vertex  1.324496e+02  8.120000e+01  2.396592e+01
      vertex  1.298209e+02  8.120000e+01  2.396592e+01
      vertex  1.327785e+02  8.120000e+01  2.394119e+01
    endloop
  endfacet
  facet normal  0.000000e+00 -1.000000e+00  0.000000e+00
    outer loop
      vertex  1.327785e+02  8.120000e+01  2.394119e+01
      vertex  1.298209e+02  8.120000e+01  2.396592e+01
      vertex  1.293209e+02  8.120000e+01  2.396592e+01
    endloop
  endfacet
  facet normal  0.000000e+00 -1.000000e+00  0.000000e+00
    outer loop
      vertex  1.327785e+02  8.120000e+01  2.394119e+01
      vertex  1.293209e+02  8.120000e+01  2.396592e+01
      vertex  1.331000e+02  8.120000e+01  2.386757e+01
    endloop
  endfacet
  facet normal  7.632573e-02  0.000000e+00  9.970829e-01
    outer loop
      vertex  1.330257e+02  8.120000e+01  2.246009e+01
      vertex  1.329496e+02  8.120000e+01  2.246592e+01
      vertex  1.329496e+02  7.800000e+01  2.246592e+01
    endloop
  endfacet
  facet normal  7.110229e-03  1.651199e-03  9.999734e-01
    outer loop
      vertex  1.330257e+02  8.120000e+01  2.246009e+01
      vertex  1.329496e+02  7.800000e+01  2.246592e+01
      vertex  1.329601e+02  7.799958e+01  2.246584e+01
    endloop
  endfacet
  facet normal  2.589945e-02  1.265886e-03  9.996638e-01
    outer loop
      vertex  1.330257e+02  8.120000e+01  2.246009e+01
      vertex  1.329601e+02  7.799958e+01  2.246584e+01
      vertex  1.329654e+02  7.799882e+01  2.246571e+01
    endloop
  endfacet
  facet normal  4.234846e-02  9.551976e-04  9.991024e-01
    outer loop
      vertex  1.330257e+02  8.120000e+01  2.246009e+01
      vertex  1.329654e+02  7.799882e+01  2.246571e+01
      vertex  1.329732e+02  7.799695e+01  2.246538e+01
    endloop
  endfacet
  facet normal  6.058573e-02  6.547815e-04  9.981627e-01
    outer loop
      vertex  1.330257e+02  8.120000e+01  2.246009e+01
      vertex  1.329732e+02  7.799695e+01  2.246538e+01
      vertex  1.329845e+02  7.799309e+01  2.246470e+01
    endloop
  endfacet
  facet normal  8.755357e-02  3.054537e-04  9.961599e-01
    outer loop
      vertex  1.330257e+02  8.120000e+01  2.246009e+01
      vertex  1.329845e+02  7.799309e+01  2.246470e+01
      vertex  1.330021e+02  7.798431e+01  2.246315e+01
    endloop
  endfacet
  facet normal  1.161227e-01  9.308899e-05  9.932349e-01
    outer loop
      vertex  1.330257e+02  8.120000e+01  2.246009e+01
      vertex  1.330021e+02  7.798431e+01  2.246315e+01
      vertex  1.330131e+02  7.797703e+01  2.246187e+01
    endloop
  endfacet
  facet normal  1.470805e-01 -3.009037e-05  9.891245e-01
    outer loop
      vertex  1.330257e+02  8.120000e+01  2.246009e+01
      vertex  1.330131e+02  7.797703e+01  2.246187e+01
      vertex  1.330331e+02  7.796015e+01  2.245889e+01
    endloop
  endfacet
  facet normal  2.271459e-01  1.592207e-04  9.738608e-01
    outer loop
      vertex  1.330257e+02  8.120000e+01  2.246009e+01
      vertex  1.330331e+02  7.796015e+01  2.245889e+01
      vertex  1.331000e+02  8.120000e+01  2.244276e+01
    endloop
  endfacet
  facet normal  1.933141e-01  8.939879e-04  9.811365e-01
    outer loop
      vertex  1.331000e+02  8.120000e+01  2.244276e+01
      vertex  1.330331e+02  7.796015e+01  2.245889e+01
      vertex  1.330583e+02  7.793214e+01  2.245395e+01
    endloop
  endfacet
  facet normal  2.328258e-01  3.602448e-04  9.725184e-01
    outer loop
      vertex  1.331000e+02  8.120000e+01  2.244276e+01
      vertex  1.330583e+02  7.793214e+01  2.245395e+01
      vertex  1.330733e+02  7.791187e+01  2.245038e+01
    endloop
  endfacet
  facet normal  2.740327e-01  0.000000e+00  9.617203e-01
    outer loop
      vertex  1.331000e+02  8.120000e+01  2.244276e+01
      vertex  1.330733e+02  7.791187e+01  2.245038e+01
      vertex  1.331000e+02  7.786864e+01  2.244276e+01
    endloop
  endfacet
  facet normal -2.068900e-05 -1.736490e-01  9.848076e-01
    outer loop
      vertex  1.331000e+02  7.601740e+01  2.211633e+01
      vertex  1.331000e+02  7.786864e+01  2.244276e+01
      vertex  1.330733e+02  7.791187e+01  2.245038e+01
    endloop
  endfacet
  facet normal -3.893189e-05 -1.736493e-01  9.848076e-01
    outer loop
      vertex  1.331000e+02  7.601740e+01  2.211633e+01
      vertex  1.330733e+02  7.791187e+01  2.245038e+01
      vertex  1.330583e+02  7.793214e+01  2.245395e+01
    endloop
  endfacet
  facet normal -6.837659e-05 -1.736499e-01  9.848074e-01
    outer loop
      vertex  1.331000e+02  7.601740e+01  2.211633e+01
      vertex  1.330583e+02  7.793214e+01  2.245395e+01
      vertex  1.330331e+02  7.796015e+01  2.245889e+01
    endloop
  endfacet
  facet normal  8.351084e-05 -1.736448e-01  9.848083e-01
    outer loop
      vertex  1.331000e+02  7.601740e+01  2.211633e+01
      vertex  1.330331e+02  7.796015e+01  2.245889e+01
      vertex  1.330131e+02  7.797703e+01  2.246187e+01
    endloop
  endfacet
  facet normal  7.562863e-05 -1.736452e-01  9.848082e-01
    outer loop
      vertex  1.331000e+02  7.601740e+01  2.211633e+01
      vertex  1.330131e+02  7.797703e+01  2.246187e+01
      vertex  1.330021e+02  7.798431e+01  2.246315e+01
    endloop
  endfacet
  facet normal -1.211110e-04 -1.736546e-01  9.848066e-01
    outer loop
      vertex  1.331000e+02  7.601740e+01  2.211633e+01
      vertex  1.330021e+02  7.798431e+01  2.246315e+01
      vertex  1.329845e+02  7.799309e+01  2.246470e+01
    endloop
  endfacet
  facet normal  1.892719e-04 -1.736370e-01  9.848097e-01
    outer loop
      vertex  1.331000e+02  7.601740e+01  2.211633e+01
      vertex  1.329845e+02  7.799309e+01  2.246470e+01
      vertex  1.329732e+02  7.799695e+01  2.246538e+01
    endloop
  endfacet
  facet normal  2.182356e-06 -1.736487e-01  9.848077e-01
    outer loop
      vertex  1.329206e+02  7.500000e+01  2.193694e+01
      vertex  1.331000e+02  7.601740e+01  2.211633e+01
      vertex  1.329732e+02  7.799695e+01  2.246538e+01
    endloop
  endfacet
  facet normal -1.925116e-04 -1.736454e-01  9.848083e-01
    outer loop
      vertex  1.329206e+02  7.500000e+01  2.193694e+01
      vertex  1.329732e+02  7.799695e+01  2.246538e+01
      vertex  1.329654e+02  7.799882e+01  2.246571e+01
    endloop
  endfacet
  facet normal  1.670626e-04 -1.736506e-01  9.848073e-01
    outer loop
      vertex  1.329206e+02  7.500000e+01  2.193694e+01
      vertex  1.329654e+02  7.799882e+01  2.246571e+01
      vertex  1.329601e+02  7.799958e+01  2.246584e+01
    endloop
  endfacet
  facet normal  3.698275e-05 -1.736489e-01  9.848076e-01
    outer loop
      vertex  1.329206e+02  7.500000e+01  2.193694e+01
      vertex  1.329601e+02  7.799958e+01  2.246584e+01
      vertex  1.329496e+02  7.800000e+01  2.246592e+01
    endloop
  endfacet
  facet normal  0.000000e+00 -1.736486e-01  9.848077e-01
    outer loop
      vertex  1.329206e+02  7.500000e+01  2.193694e+01
      vertex  1.329496e+02  7.800000e+01  2.246592e+01
      vertex  1.298209e+02  7.800000e+01  2.246592e+01
    endloop
  endfacet
  facet normal  0.000000e+00 -1.736486e-01  9.848077e-01
    outer loop
      vertex  1.329206e+02  7.500000e+01  2.193694e+01
      vertex  1.298209e+02  7.800000e+01  2.246592e+01
      vertex  1.298209e+02  7.500000e+01  2.193694e+01
    endloop
  endfacet
  facet normal  9.848074e-01 -1.736501e-01  0.000000e+00
    outer loop
      vertex  1.329206e+02  7.500000e+01  2.193694e+01
      vertex  1.329206e+02  7.500000e+01  1.796592e+01
      vertex  1.331000e+02  7.601740e+01  2.211633e+01
    endloop
  endfacet
  facet normal  9.848074e-01 -1.736501e-01  0.000000e+00
    outer loop
      vertex  1.331000e+02  7.601740e+01  2.211633e+01
      vertex  1.329206e+02  7.500000e+01  1.796592e+01
      vertex  1.331000e+02  7.601740e+01  1.796592e+01
    endloop
  endfacet
  facet normal  9.848075e-01 -1.736498e-01 -3.839060e-05
    outer loop
      vertex  1.329206e+02  7.500000e+01  2.128981e+00
      vertex  1.333031e+02  7.716946e+01  1.746447e+00
      vertex  1.333367e+02  7.736000e+01  1.783592e+00
    endloop
  endfacet
  facet normal  9.848070e-01 -1.736526e-01 -5.758130e-05
    outer loop
      vertex  1.329206e+02  7.500000e+01  2.128981e+00
      vertex  1.333367e+02  7.736000e+01  1.783592e+00
      vertex  1.333801e+02  7.760565e+01  1.845640e+00
    endloop
  endfacet
  facet normal  9.848102e-01 -1.736343e-01  1.159603e-04
    outer loop
      vertex  1.329206e+02  7.500000e+01  2.128981e+00
      vertex  1.333801e+02  7.760565e+01  1.845640e+00
      vertex  1.334013e+02  7.772623e+01  1.885660e+00
    endloop
  endfacet
  facet normal  9.848084e-01 -1.736449e-01 -6.764477e-06
    outer loop
      vertex  1.329206e+02  7.500000e+01  2.128981e+00
      vertex  1.334013e+02  7.772623e+01  1.885660e+00
      vertex  1.334183e+02  7.782272e+01  1.925987e+00
    endloop
  endfacet
  facet normal  9.848057e-01 -1.736594e-01 -2.154315e-04
    outer loop
      vertex  1.329206e+02  7.500000e+01  2.128981e+00
      vertex  1.334183e+02  7.782272e+01  1.925987e+00
      vertex  1.334265e+02  7.786925e+01  1.949919e+00
    endloop
  endfacet
  facet normal  9.848056e-01 -1.736600e-01 -2.252436e-04
    outer loop
      vertex  1.329206e+02  7.500000e+01  2.128981e+00
      vertex  1.334265e+02  7.786925e+01  1.949919e+00
      vertex  1.334341e+02  7.791187e+01  1.976329e+00
    endloop
  endfacet
  facet normal  9.848091e-01 -1.736408e-01  1.527796e-04
    outer loop
      vertex  1.329206e+02  7.500000e+01  2.128981e+00
      vertex  1.334341e+02  7.791187e+01  1.976329e+00
      vertex  1.334376e+02  7.793214e+01  1.991280e+00
    endloop
  endfacet
  facet normal  9.848111e-01 -1.736287e-01  4.170510e-04
    outer loop
      vertex  1.329206e+02  7.500000e+01  2.128981e+00
      vertex  1.334376e+02  7.793214e+01  1.991280e+00
      vertex  1.334426e+02  7.796015e+01  2.016468e+00
    endloop
  endfacet
  facet normal  9.848036e-01 -1.736705e-01 -7.174616e-04
    outer loop
      vertex  1.329206e+02  7.500000e+01  2.128981e+00
      vertex  1.334426e+02  7.796015e+01  2.016468e+00
      vertex  1.334455e+02  7.797703e+01  2.036499e+00
    endloop
  endfacet
  facet normal  9.848090e-01 -1.736410e-01  2.630770e-04
    outer loop
      vertex  1.329206e+02  7.500000e+01  2.128981e+00
      vertex  1.334455e+02  7.797703e+01  2.036499e+00
      vertex  1.334468e+02  7.798431e+01  2.047499e+00
    endloop
  endfacet
  facet normal  9.848093e-01 -1.736394e-01  3.266099e-04
    outer loop
      vertex  1.329206e+02  7.500000e+01  2.128981e+00
      vertex  1.334468e+02  7.798431e+01  2.047499e+00
      vertex  1.334484e+02  7.799309e+01  2.065107e+00
    endloop
  endfacet
  facet normal  9.848061e-01 -1.736568e-01 -5.155116e-04
    outer loop
      vertex  1.329206e+02  7.500000e+01  2.128981e+00
      vertex  1.334484e+02  7.799309e+01  2.065107e+00
      vertex  1.334491e+02  7.799695e+01  2.076388e+00
    endloop
  endfacet
  facet normal  9.848106e-01 -1.736283e-01  1.151945e-03
    outer loop
      vertex  1.329206e+02  7.500000e+01  2.128981e+00
      vertex  1.334491e+02  7.799695e+01  2.076388e+00
      vertex  1.334494e+02  7.799882e+01  2.084183e+00
    endloop
  endfacet
  facet normal  9.848068e-01 -1.736527e-01 -5.236525e-04
    outer loop
      vertex  1.329206e+02  7.500000e+01  2.128981e+00
      vertex  1.334494e+02  7.799882e+01  2.084183e+00
      vertex  1.334495e+02  7.799958e+01  2.089446e+00
    endloop
  endfacet
  facet normal  9.848077e-01 -1.736488e-01 -2.149826e-04
    outer loop
      vertex  1.329206e+02  7.500000e+01  2.128981e+00
      vertex  1.334495e+02  7.799958e+01  2.089446e+00
      vertex  1.334496e+02  7.800000e+01  2.100000e+00
    endloop
  endfacet
  facet normal  9.848080e-01 -1.736467e-01  0.000000e+00
    outer loop
      vertex  1.329206e+02  7.500000e+01  2.128981e+00
      vertex  1.334496e+02  7.800000e+01  2.100000e+00
      vertex  1.334496e+02  7.800000e+01  2.600000e+00
    endloop
  endfacet
  facet normal  9.848083e-01 -1.736450e-01 -1.131439e-05
    outer loop
      vertex  1.329206e+02  7.500000e+01  2.128981e+00
      vertex  1.334496e+02  7.800000e+01  2.600000e+00
      vertex  1.331000e+02  7.601740e+01  2.600000e+00
    endloop
  endfacet
  facet normal  9.848074e-01 -1.736501e-01  0.000000e+00
    outer loop
      vertex  1.329206e+02  7.500000e+01  2.128981e+00
      vertex  1.331000e+02  7.601740e+01  2.600000e+00
      vertex  1.331000e+02  7.601740e+01  5.600000e+00
    endloop
  endfacet
  facet normal  9.848074e-01 -1.736501e-01  0.000000e+00
    outer loop
      vertex  1.329206e+02  7.500000e+01  2.128981e+00
      vertex  1.331000e+02  7.601740e+01  5.600000e+00
      vertex  1.329206e+02  7.500000e+01  5.600000e+00
    endloop
  endfacet
  facet normal  -0.000000e+00  0.000000e+00 -1.000000e+00
    outer loop
      vertex  1.298209e+02  8.070000e+01  1.796592e+01
      vertex  1.331000e+02  8.070000e+01  1.796592e+01
      vertex  1.298209e+02  7.500000e+01  1.796592e+01
    endloop
  endfacet
  facet normal  0.000000e+00  0.000000e+00 -9.999999e-01
    outer loop
      vertex  1.298209e+02  7.500000e+01  1.796592e+01
      vertex  1.331000e+02  8.070000e+01  1.796592e+01
      vertex  1.331000e+02  7.601740e+01  1.796592e+01
    endloop
  endfacet
  facet normal  0.000000e+00  0.000000e+00 -1.000000e+00
    outer loop
      vertex  1.298209e+02  7.500000e+01  1.796592e+01
      vertex  1.331000e+02  7.601740e+01  1.796592e+01
      vertex  1.329206e+02  7.500000e+01  1.796592e+01
    endloop
  endfacet
  facet normal -1.000000e+00  0.000000e+00  0.000000e+00
    outer loop
      vertex  1.298209e+02  7.500000e+01  2.193694e+01
      vertex  1.298209e+02  7.800000e+01  2.246592e+01
      vertex  1.298209e+02  7.500000e+01  1.796592e+01
    endloop
  endfacet
  facet normal -1.000000e+00  0.000000e+00  0.000000e+00
    outer loop
      vertex  1.298209e+02  7.500000e+01  1.796592e+01
      vertex  1.298209e+02  7.800000e+01  2.246592e+01
      vertex  1.298209e+02  8.070000e+01  2.246592e+01
    endloop
  endfacet
  facet normal -1.000000e+00  0.000000e+00  -0.000000e+00
    outer loop
      vertex  1.298209e+02  7.500000e+01  1.796592e+01
      vertex  1.298209e+02  8.070000e+01  2.246592e+01
      vertex  1.298209e+02  8.070000e+01  1.796592e+01
    endloop
  endfacet
  facet normal  0.000000e+00  0.000000e+00  9.999999e-01
    outer loop
      vertex  1.293209e+02  8.120000e+01  2.246592e+01
      vertex  1.293209e+02  8.070000e+01  2.246592e+01
      vertex  1.329496e+02  8.120000e+01  2.246592e+01
    endloop
  endfacet
  facet normal  0.000000e+00  0.000000e+00  1.000000e+00
    outer loop
      vertex  1.329496e+02  8.120000e+01  2.246592e+01
      vertex  1.293209e+02  8.070000e+01  2.246592e+01
      vertex  1.298209e+02  8.070000e+01  2.246592e+01
    endloop
  endfacet
  facet normal  -0.000000e+00  0.000000e+00  1.000000e+00
    outer loop
      vertex  1.329496e+02  8.120000e+01  2.246592e+01
      vertex  1.298209e+02  8.070000e+01  2.246592e+01
      vertex  1.329496e+02  7.800000e+01  2.246592e+01
    endloop
  endfacet
  facet normal  0.000000e+00  0.000000e+00  1.000000e+00
    outer loop
      vertex  1.329496e+02  7.800000e+01  2.246592e+01
      vertex  1.298209e+02  8.070000e+01  2.246592e+01
      vertex  1.298209e+02  7.800000e+01  2.246592e+01
    endloop
  endfacet
  facet normal  1.000000e+00  0.000000e+00  0.000000e+00
    outer loop
      vertex  1.293209e+02  8.120000e+01  2.246592e+01
      vertex  1.293209e+02  8.120000e+01  2.396592e+01
      vertex  1.293209e+02  8.070000e+01  2.246592e+01
    endloop
  endfacet
  facet normal  1.000000e+00  0.000000e+00  0.000000e+00
    outer loop
      vertex  1.293209e+02  8.070000e+01  2.246592e+01
      vertex  1.293209e+02  8.120000e+01  2.396592e+01
      vertex  1.293209e+02  8.070000e+01  2.396592e+01
    endloop
  endfacet
  facet normal -1.000000e+00  0.000000e+00  0.000000e+00
    outer loop
      vertex  3.021497e+00  8.070000e+01 -1.920906e+00
      vertex  3.021497e+00  8.070000e+01  3.000000e-01
      vertex  3.021497e+00  8.120000e+01 -1.920906e+00
    endloop
  endfacet
  facet normal -1.000000e+00  0.000000e+00  0.000000e+00
    outer loop
      vertex  3.021497e+00  8.120000e+01 -1.920906e+00
      vertex  3.021497e+00  8.070000e+01  3.000000e-01
      vertex  3.021497e+00  8.120000e+01  3.000000e-01
    endloop
  endfacet
  facet normal -9.801670e-02  0.000000e+00 -9.951848e-01
    outer loop
      vertex  3.521497e+00  8.120000e+01 -2.420906e+00
      vertex  3.521497e+00  8.070000e+01 -2.420906e+00
      vertex  3.423952e+00  8.120000e+01 -2.411299e+00
    endloop
  endfacet
  facet normal -9.801670e-02  -0.000000e+00 -9.951848e-01
    outer loop
      vertex  3.423952e+00  8.120000e+01 -2.411299e+00
      vertex  3.521497e+00  8.070000e+01 -2.420906e+00
      vertex  3.423952e+00  8.070000e+01 -2.411299e+00
    endloop
  endfacet
  facet normal -2.902848e-01  0.000000e+00 -9.569402e-01
    outer loop
      vertex  3.423952e+00  8.120000e+01 -2.411299e+00
      vertex  3.423952e+00  8.070000e+01 -2.411299e+00
      vertex  3.330156e+00  8.120000e+01 -2.382846e+00
    endloop
  endfacet
  facet normal -2.902848e-01  -0.000000e+00 -9.569402e-01
    outer loop
      vertex  3.330156e+00  8.120000e+01 -2.382846e+00
      vertex  3.423952e+00  8.070000e+01 -2.411299e+00
      vertex  3.330156e+00  8.070000e+01 -2.382846e+00
    endloop
  endfacet
  facet normal -4.713973e-01  0.000000e+00 -8.819209e-01
    outer loop
      vertex  3.330156e+00  8.120000e+01 -2.382846e+00
      vertex  3.330156e+00  8.070000e+01 -2.382846e+00
      vertex  3.243712e+00  8.120000e+01 -2.336641e+00
    endloop
  endfacet
  facet normal -4.713973e-01  -0.000000e+00 -8.819209e-01
    outer loop
      vertex  3.243712e+00  8.120000e+01 -2.336641e+00
      vertex  3.330156e+00  8.070000e+01 -2.382846e+00
      vertex  3.243712e+00  8.070000e+01 -2.336641e+00
    endloop
  endfacet
  facet normal -6.343939e-01  0.000000e+00 -7.730100e-01
    outer loop
      vertex  3.243712e+00  8.120000e+01 -2.336641e+00
      vertex  3.243712e+00  8.070000e+01 -2.336641e+00
      vertex  3.167944e+00  8.120000e+01 -2.274459e+00
    endloop
  endfacet
  facet normal -6.343939e-01  -0.000000e+00 -7.730100e-01
    outer loop
      vertex  3.167944e+00  8.120000e+01 -2.274459e+00
      vertex  3.243712e+00  8.070000e+01 -2.336641e+00
      vertex  3.167944e+00  8.070000e+01 -2.274459e+00
    endloop
  endfacet
  facet normal -7.730100e-01  0.000000e+00 -6.343939e-01
    outer loop
      vertex  3.167944e+00  8.120000e+01 -2.274459e+00
      vertex  3.167944e+00  8.070000e+01 -2.274459e+00
      vertex  3.105763e+00  8.120000e+01 -2.198691e+00
    endloop
  endfacet
  facet normal -7.730100e-01  -0.000000e+00 -6.343939e-01
    outer loop
      vertex  3.105763e+00  8.120000e+01 -2.198691e+00
      vertex  3.167944e+00  8.070000e+01 -2.274459e+00
      vertex  3.105763e+00  8.070000e+01 -2.198691e+00
    endloop
  endfacet
  facet normal -8.819209e-01  0.000000e+00 -4.713973e-01
    outer loop
      vertex  3.105763e+00  8.120000e+01 -2.198691e+00
      vertex  3.105763e+00  8.070000e+01 -2.198691e+00
      vertex  3.059558e+00  8.120000e+01 -2.112248e+00
    endloop
  endfacet
  facet normal -8.819209e-01  -0.000000e+00 -4.713973e-01
    outer loop
      vertex  3.059558e+00  8.120000e+01 -2.112248e+00
      vertex  3.105763e+00  8.070000e+01 -2.198691e+00
      vertex  3.059558e+00  8.070000e+01 -2.112248e+00
    endloop
  endfacet
  facet normal -9.569402e-01  0.000000e+00 -2.902848e-01
    outer loop
      vertex  3.059558e+00  8.120000e+01 -2.112248e+00
      vertex  3.059558e+00  8.070000e+01 -2.112248e+00
      vertex  3.031105e+00  8.120000e+01 -2.018451e+00
    endloop
  endfacet
  facet normal -9.569402e-01  -0.000000e+00 -2.902848e-01
    outer loop
      vertex  3.031105e+00  8.120000e+01 -2.018451e+00
      vertex  3.059558e+00  8.070000e+01 -2.112248e+00
      vertex  3.031105e+00  8.070000e+01 -2.018451e+00
    endloop
  endfacet
  facet normal -9.951848e-01  0.000000e+00 -9.801670e-02
    outer loop
      vertex  3.031105e+00  8.120000e+01 -2.018451e+00
      vertex  3.031105e+00  8.070000e+01 -2.018451e+00
      vertex  3.021497e+00  8.120000e+01 -1.920906e+00
    endloop
  endfacet
  facet normal -9.951848e-01  -0.000000e+00 -9.801670e-02
    outer loop
      vertex  3.021497e+00  8.120000e+01 -1.920906e+00
      vertex  3.031105e+00  8.070000e+01 -2.018451e+00
      vertex  3.021497e+00  8.070000e+01 -1.920906e+00
    endloop
  endfacet
  facet normal  0.000000e+00  0.000000e+00 -1.000000e+00
    outer loop
      vertex  3.521497e+00  8.070000e+01 -2.420906e+00
      vertex  3.521497e+00  8.120000e+01 -2.420906e+00
      vertex  1.302200e+02  8.070000e+01 -2.420906e+00
    endloop
  endfacet
  facet normal  0.000000e+00  0.000000e+00 -1.000000e+00
    outer loop
      vertex  1.302200e+02  8.070000e+01 -2.420906e+00
      vertex  3.521497e+00  8.120000e+01 -2.420906e+00
      vertex  1.302200e+02  8.120000e+01 -2.420906e+00
    endloop
  endfacet
  facet normal  9.951943e-01  0.000000e+00 -9.792034e-02
    outer loop
      vertex  1.307200e+02  8.120000e+01 -1.920906e+00
      vertex  1.307200e+02  8.070000e+01 -1.920906e+00
      vertex  1.307104e+02  8.120000e+01 -2.018451e+00
    endloop
  endfacet
  facet normal  9.951943e-01  0.000000e+00 -9.792034e-02
    outer loop
      vertex  1.307104e+02  8.120000e+01 -2.018451e+00
      vertex  1.307200e+02  8.070000e+01 -1.920906e+00
      vertex  1.307104e+02  8.070000e+01 -2.018451e+00
    endloop
  endfacet
  facet normal  9.569268e-01  0.000000e+00 -2.903294e-01
    outer loop
      vertex  1.307104e+02  8.120000e+01 -2.018451e+00
      vertex  1.307104e+02  8.070000e+01 -2.018451e+00
      vertex  1.306819e+02  8.120000e+01 -2.112248e+00
    endloop
  endfacet
  facet normal  9.569268e-01  0.000000e+00 -2.903294e-01
    outer loop
      vertex  1.306819e+02  8.120000e+01 -2.112248e+00
      vertex  1.307104e+02  8.070000e+01 -2.018451e+00
      vertex  1.306819e+02  8.070000e+01 -2.112248e+00
    endloop
  endfacet
  facet normal  8.819270e-01  0.000000e+00 -4.713860e-01
    outer loop
      vertex  1.306819e+02  8.120000e+01 -2.112248e+00
      vertex  1.306819e+02  8.070000e+01 -2.112248e+00
      vertex  1.306357e+02  8.120000e+01 -2.198691e+00
    endloop
  endfacet
  facet normal  8.819270e-01  0.000000e+00 -4.713860e-01
    outer loop
      vertex  1.306357e+02  8.120000e+01 -2.198691e+00
      vertex  1.306819e+02  8.070000e+01 -2.112248e+00
      vertex  1.306357e+02  8.070000e+01 -2.198691e+00
    endloop
  endfacet
  facet normal  7.730196e-01  0.000000e+00 -6.343822e-01
    outer loop
      vertex  1.306357e+02  8.120000e+01 -2.198691e+00
      vertex  1.306357e+02  8.070000e+01 -2.198691e+00
      vertex  1.305736e+02  8.120000e+01 -2.274459e+00
    endloop
  endfacet
  facet normal  7.730196e-01  0.000000e+00 -6.343822e-01
    outer loop
      vertex  1.305736e+02  8.120000e+01 -2.274459e+00
      vertex  1.306357e+02  8.070000e+01 -2.198691e+00
      vertex  1.305736e+02  8.070000e+01 -2.274459e+00
    endloop
  endfacet
  facet normal  6.343592e-01  0.000000e+00 -7.730384e-01
    outer loop
      vertex  1.305736e+02  8.120000e+01 -2.274459e+00
      vertex  1.305736e+02  8.070000e+01 -2.274459e+00
      vertex  1.304978e+02  8.120000e+01 -2.336641e+00
    endloop
  endfacet
  facet normal  6.343592e-01  0.000000e+00 -7.730384e-01
    outer loop
      vertex  1.304978e+02  8.120000e+01 -2.336641e+00
      vertex  1.305736e+02  8.070000e+01 -2.274459e+00
      vertex  1.304978e+02  8.070000e+01 -2.336641e+00
    endloop
  endfacet
  facet normal  4.714074e-01  0.000000e+00 -8.819156e-01
    outer loop
      vertex  1.304978e+02  8.120000e+01 -2.336641e+00
      vertex  1.304978e+02  8.070000e+01 -2.336641e+00
      vertex  1.304113e+02  8.120000e+01 -2.382846e+00
    endloop
  endfacet
  facet normal  4.714074e-01  0.000000e+00 -8.819156e-01
    outer loop
      vertex  1.304113e+02  8.120000e+01 -2.382846e+00
      vertex  1.304978e+02  8.070000e+01 -2.336641e+00
      vertex  1.304113e+02  8.070000e+01 -2.382846e+00
    endloop
  endfacet
  facet normal  2.902869e-01  0.000000e+00 -9.569396e-01
    outer loop
      vertex  1.304113e+02  8.120000e+01 -2.382846e+00
      vertex  1.304113e+02  8.070000e+01 -2.382846e+00
      vertex  1.303176e+02  8.120000e+01 -2.411299e+00
    endloop
  endfacet
  facet normal  2.902869e-01  0.000000e+00 -9.569396e-01
    outer loop
      vertex  1.303176e+02  8.120000e+01 -2.411299e+00
      vertex  1.304113e+02  8.070000e+01 -2.382846e+00
      vertex  1.303176e+02  8.070000e+01 -2.411299e+00
    endloop
  endfacet
  facet normal  9.801243e-02  0.000000e+00 -9.951852e-01
    outer loop
      vertex  1.303176e+02  8.120000e+01 -2.411299e+00
      vertex  1.303176e+02  8.070000e+01 -2.411299e+00
      vertex  1.302200e+02  8.120000e+01 -2.420906e+00
    endloop
  endfacet
  facet normal  9.801243e-02  0.000000e+00 -9.951852e-01
    outer loop
      vertex  1.302200e+02  8.120000e+01 -2.420906e+00
      vertex  1.303176e+02  8.070000e+01 -2.411299e+00
      vertex  1.302200e+02  8.070000e+01 -2.420906e+00
    endloop
  endfacet
  facet normal  1.000000e+00  0.000000e+00  0.000000e+00
    outer loop
      vertex  1.307200e+02  8.070000e+01  3.000000e-01
      vertex  1.307200e+02  8.070000e+01 -1.920906e+00
      vertex  1.307200e+02  8.120000e+01  3.000000e-01
    endloop
  endfacet
  facet normal  1.000000e+00  0.000000e+00  0.000000e+00
    outer loop
      vertex  1.307200e+02  8.120000e+01  3.000000e-01
      vertex  1.307200e+02  8.070000e+01 -1.920906e+00
      vertex  1.307200e+02  8.120000e+01 -1.920906e+00
    endloop
  endfacet
  facet normal  0.000000e+00  0.000000e+00 -1.000000e+00
    outer loop
      vertex  1.350000e+02  8.100000e+01  3.000000e-01
      vertex  1.350000e+02  8.070000e+01  3.000000e-01
      vertex  1.349016e+02  8.120000e+01  3.000000e-01
    endloop
  endfacet
  facet normal  0.000000e+00  -0.000000e+00 -1.000000e+00
    outer loop
      vertex  1.349016e+02  8.120000e+01  3.000000e-01
      vertex  1.350000e+02  8.070000e+01  3.000000e-01
      vertex  1.307200e+02  8.070000e+01  3.000000e-01
    endloop
  endfacet
  facet normal  0.000000e+00  0.000000e+00 -1.000000e+00
    outer loop
      vertex  1.349016e+02  8.120000e+01  3.000000e-01
      vertex  1.307200e+02  8.070000e+01  3.000000e-01
      vertex  1.307200e+02  8.120000e+01  3.000000e-01
    endloop
  endfacet
  facet normal  9.216931e-02  0.000000e+00 -9.957433e-01
    outer loop
      vertex  1.350000e+02  8.100000e+01  3.000000e-01
      vertex  1.350918e+02  8.070000e+01  3.084942e-01
      vertex  1.350000e+02  8.070000e+01  3.000000e-01
    endloop
  endfacet
  facet normal  1.470867e-01  1.698995e-02 -9.889776e-01
    outer loop
      vertex  1.350000e+02  8.100000e+01  3.000000e-01
      vertex  1.351174e+02  8.079712e+01  3.139684e-01
      vertex  1.350918e+02  8.070000e+01  3.084942e-01
    endloop
  endfacet
  facet normal  2.733182e-01 -1.780270e-02 -9.617590e-01
    outer loop
      vertex  1.351804e+02  8.070000e+01  3.336883e-01
      vertex  1.350918e+02  8.070000e+01  3.084942e-01
      vertex  1.351174e+02  8.079712e+01  3.139684e-01
    endloop
  endfacet
  facet normal  1.470865e-01  1.698970e-02  9.889777e-01
    outer loop
      vertex  1.350000e+02  8.100000e+01  1.400000e+00
      vertex  1.350918e+02  8.070000e+01  1.391506e+00
      vertex  1.351174e+02  8.079712e+01  1.386032e+00
    endloop
  endfacet
  facet normal  9.216995e-02  -0.000000e+00  9.957433e-01
    outer loop
      vertex  1.350000e+02  8.100000e+01  1.400000e+00
      vertex  1.350000e+02  8.070000e+01  1.400000e+00
      vertex  1.350918e+02  8.070000e+01  1.391506e+00
    endloop
  endfacet
  facet normal  2.733179e-01 -1.780291e-02  9.617590e-01
    outer loop
      vertex  1.351804e+02  8.070000e+01  1.366312e+00
      vertex  1.351174e+02  8.079712e+01  1.386032e+00
      vertex  1.350918e+02  8.070000e+01  1.391506e+00
    endloop
  endfacet
  facet normal  0.000000e+00  0.000000e+00  1.000000e+00
    outer loop
      vertex  1.331496e+02  8.120000e+01  1.400000e+00
      vertex  1.331496e+02  8.070000e+01  1.400000e+00
      vertex  1.349016e+02  8.120000e+01  1.400000e+00
    endloop
  endfacet
  facet normal  0.000000e+00  0.000000e+00  9.999999e-01
    outer loop
      vertex  1.349016e+02  8.120000e+01  1.400000e+00
      vertex  1.331496e+02  8.070000e+01  1.400000e+00
      vertex  1.350000e+02  8.070000e+01  1.400000e+00
    endloop
  endfacet
  facet normal  0.000000e+00  -0.000000e+00  1.000000e+00
    outer loop
      vertex  1.349016e+02  8.120000e+01  1.400000e+00
      vertex  1.350000e+02  8.070000e+01  1.400000e+00
      vertex  1.350000e+02  8.100000e+01  1.400000e+00
    endloop
  endfacet
  facet normal  9.999999e-01  0.000000e+00  0.000000e+00
    outer loop
      vertex  1.331496e+02  8.070000e+01  1.641742e+00
      vertex  1.331496e+02  8.070000e+01  1.400000e+00
      vertex  1.331496e+02  8.120000e+01  1.641742e+00
    endloop
  endfacet
  facet normal  9.999999e-01  0.000000e+00  0.000000e+00
    outer loop
      vertex  1.331496e+02  8.120000e+01  1.641742e+00
      vertex  1.331496e+02  8.070000e+01  1.400000e+00
      vertex  1.331496e+02  8.120000e+01  1.400000e+00
    endloop
  endfacet
  facet normal  2.736104e-01 -6.611717e-05 -9.618407e-01
    outer loop
      vertex  1.330997e+02  7.786925e+01  1.623056e+00
      vertex  1.330733e+02  7.791187e+01  1.615539e+00
      vertex  1.330850e+02  8.070000e+01  1.618698e+00
    endloop
  endfacet
  facet normal  7.417826e-01 -6.902934e-05 -6.706405e-01
    outer loop
      vertex  1.333367e+02  7.736000e+01  1.783592e+00
      vertex  1.333031e+02  7.716946e+01  1.746447e+00
      vertex  1.333075e+02  8.120000e+01  1.750910e+00
    endloop
  endfacet
  facet normal  7.798777e-01  6.010647e-04 -6.259318e-01
    outer loop
      vertex  1.333367e+02  7.736000e+01  1.783592e+00
      vertex  1.333075e+02  8.120000e+01  1.750910e+00
      vertex  1.333679e+02  8.120000e+01  1.826139e+00
    endloop
  endfacet
  facet normal  8.205552e-01 -3.316823e-04 -5.715674e-01
    outer loop
      vertex  1.333367e+02  7.736000e+01  1.783592e+00
      vertex  1.333679e+02  8.120000e+01  1.826139e+00
      vertex  1.333801e+02  7.760565e+01  1.845640e+00
    endloop
  endfacet
  facet normal  9.953332e-01  0.000000e+00 -9.649774e-02
    outer loop
      vertex  1.334403e+02  8.120000e+01  2.003993e+00
      vertex  1.334496e+02  8.120000e+01  2.100000e+00
      vertex  1.334496e+02  7.800000e+01  2.100000e+00
    endloop
  endfacet
  facet normal  9.999695e-01  2.688539e-03 -7.335534e-03
    outer loop
      vertex  1.334403e+02  8.120000e+01  2.003993e+00
      vertex  1.334496e+02  7.800000e+01  2.100000e+00
      vertex  1.334495e+02  7.799958e+01  2.089446e+00
    endloop
  endfacet
  facet normal  9.996491e-01  2.178630e-03 -2.639833e-02
    outer loop
      vertex  1.334403e+02  8.120000e+01  2.003993e+00
      vertex  1.334495e+02  7.799958e+01  2.089446e+00
      vertex  1.334494e+02  7.799882e+01  2.084183e+00
    endloop
  endfacet
  facet normal  9.991367e-01  1.798739e-03 -4.150558e-02
    outer loop
      vertex  1.334403e+02  8.120000e+01  2.003993e+00
      vertex  1.334494e+02  7.799882e+01  2.084183e+00
      vertex  1.334491e+02  7.799695e+01  2.076388e+00
    endloop
  endfacet
  facet normal  9.981235e-01  1.350431e-03 -6.121786e-02
    outer loop
      vertex  1.334403e+02  8.120000e+01  2.003993e+00
      vertex  1.334491e+02  7.799695e+01  2.076388e+00
      vertex  1.334484e+02  7.799309e+01  2.065107e+00
    endloop
  endfacet
  facet normal  9.961549e-01  8.425850e-04 -8.760615e-02
    outer loop
      vertex  1.334403e+02  8.120000e+01  2.003993e+00
      vertex  1.334484e+02  7.799309e+01  2.065107e+00
      vertex  1.334468e+02  7.798431e+01  2.047499e+00
    endloop
  endfacet
  facet normal  9.932451e-01  4.520435e-04 -1.160349e-01
    outer loop
      vertex  1.334403e+02  8.120000e+01  2.003993e+00
      vertex  1.334468e+02  7.798431e+01  2.047499e+00
      vertex  1.334455e+02  7.797703e+01  2.036499e+00
    endloop
  endfacet
  facet normal  9.890215e-01  1.250639e-04 -1.477711e-01
    outer loop
      vertex  1.334403e+02  8.120000e+01  2.003993e+00
      vertex  1.334455e+02  7.797703e+01  2.036499e+00
      vertex  1.334426e+02  7.796015e+01  2.016468e+00
    endloop
  endfacet
  facet normal  9.813998e-01 -5.048752e-05 -1.919748e-01
    outer loop
      vertex  1.334403e+02  8.120000e+01  2.003993e+00
      vertex  1.334426e+02  7.796015e+01  2.016468e+00
      vertex  1.334376e+02  7.793214e+01  1.991280e+00
    endloop
  endfacet
  facet normal  9.583178e-01  3.329160e-04 -2.857045e-01
    outer loop
      vertex  1.334403e+02  8.120000e+01  2.003993e+00
      vertex  1.334376e+02  7.793214e+01  1.991280e+00
      vertex  1.334127e+02  8.120000e+01  1.911560e+00
    endloop
  endfacet
  facet normal  9.721252e-01  1.688349e-03 -2.344562e-01
    outer loop
      vertex  1.334127e+02  8.120000e+01  1.911560e+00
      vertex  1.334376e+02  7.793214e+01  1.991280e+00
      vertex  1.334341e+02  7.791187e+01  1.976329e+00
    endloop
  endfacet
  facet normal  9.613973e-01  8.169091e-04 -2.751628e-01
    outer loop
      vertex  1.334127e+02  8.120000e+01  1.911560e+00
      vertex  1.334341e+02  7.791187e+01  1.976329e+00
      vertex  1.334265e+02  7.786925e+01  1.949919e+00
    endloop
  endfacet
  facet normal  9.457917e-01  1.808449e-04 -3.247738e-01
    outer loop
      vertex  1.334127e+02  8.120000e+01  1.911560e+00
      vertex  1.334265e+02  7.786925e+01  1.949919e+00
      vertex  1.334183e+02  7.782272e+01  1.925987e+00
    endloop
  endfacet
  facet normal  9.214705e-01 -1.314952e-04 -3.884483e-01
    outer loop
      vertex  1.334127e+02  8.120000e+01  1.911560e+00
      vertex  1.334183e+02  7.782272e+01  1.925987e+00
      vertex  1.334013e+02  7.772623e+01  1.885660e+00
    endloop
  endfacet
  facet normal  8.824052e-01  6.085334e-04 -4.704898e-01
    outer loop
      vertex  1.334127e+02  8.120000e+01  1.911560e+00
      vertex  1.334013e+02  7.772623e+01  1.885660e+00
      vertex  1.333801e+02  7.760565e+01  1.845640e+00
    endloop
  endfacet
  facet normal  8.855946e-01  4.689360e-04 -4.644588e-01
    outer loop
      vertex  1.334127e+02  8.120000e+01  1.911560e+00
      vertex  1.333801e+02  7.760565e+01  1.845640e+00
      vertex  1.333679e+02  8.120000e+01  1.826139e+00
    endloop
  endfacet
  facet normal  2.043366e-01  2.458945e-04 -9.789006e-01
    outer loop
      vertex  1.330180e+02  8.070000e+01  1.604697e+00
      vertex  1.330850e+02  8.070000e+01  1.618698e+00
      vertex  1.330733e+02  7.791187e+01  1.615539e+00
    endloop
  endfacet
  facet normal  2.335121e-01  8.500029e-04 -9.723535e-01
    outer loop
      vertex  1.330180e+02  8.070000e+01  1.604697e+00
      vertex  1.330733e+02  7.791187e+01  1.615539e+00
      vertex  1.330583e+02  7.793214e+01  1.611966e+00
    endloop
  endfacet
  facet normal  1.926308e-01  2.306985e-04 -9.812713e-01
    outer loop
      vertex  1.330180e+02  8.070000e+01  1.604697e+00
      vertex  1.330583e+02  7.793214e+01  1.611966e+00
      vertex  1.330331e+02  7.796015e+01  1.607027e+00
    endloop
  endfacet
  facet normal  1.470186e-01 -2.823446e-05 -9.891337e-01
    outer loop
      vertex  1.330180e+02  8.070000e+01  1.604697e+00
      vertex  1.330331e+02  7.796015e+01  1.607027e+00
      vertex  1.330131e+02  7.797703e+01  1.604051e+00
    endloop
  endfacet
  facet normal  1.160590e-01  2.808309e-05 -9.932424e-01
    outer loop
      vertex  1.330180e+02  8.070000e+01  1.604697e+00
      vertex  1.330131e+02  7.797703e+01  1.604051e+00
      vertex  1.330021e+02  7.798431e+01  1.602766e+00
    endloop
  endfacet
  facet normal  8.759338e-02  1.964946e-04 -9.961563e-01
    outer loop
      vertex  1.330180e+02  8.070000e+01  1.604697e+00
      vertex  1.330021e+02  7.798431e+01  1.602766e+00
      vertex  1.329845e+02  7.799309e+01  1.601219e+00
    endloop
  endfacet
  facet normal  6.037718e-02  5.356861e-04 -9.981755e-01
    outer loop
      vertex  1.330180e+02  8.070000e+01  1.604697e+00
      vertex  1.329845e+02  7.799309e+01  1.601219e+00
      vertex  1.329732e+02  7.799695e+01  1.600538e+00
    endloop
  endfacet
  facet normal  4.247210e-02  8.336575e-04 -9.990973e-01
    outer loop
      vertex  1.330180e+02  8.070000e+01  1.604697e+00
      vertex  1.329732e+02  7.799695e+01  1.600538e+00
      vertex  1.329654e+02  7.799882e+01  1.600209e+00
    endloop
  endfacet
  facet normal  2.586117e-02  1.157765e-03 -9.996649e-01
    outer loop
      vertex  1.330180e+02  8.070000e+01  1.604697e+00
      vertex  1.329654e+02  7.799882e+01  1.600209e+00
      vertex  1.329601e+02  7.799958e+01  1.600073e+00
    endloop
  endfacet
  facet normal  7.016364e-03  1.561759e-03 -9.999742e-01
    outer loop
      vertex  1.330180e+02  8.070000e+01  1.604697e+00
      vertex  1.329601e+02  7.799958e+01  1.600073e+00
      vertex  1.329496e+02  7.800000e+01  1.600000e+00
    endloop
  endfacet
  facet normal  6.852785e-02  0.000000e+00 -9.976493e-01
    outer loop
      vertex  1.330180e+02  8.070000e+01  1.604697e+00
      vertex  1.329496e+02  7.800000e+01  1.600000e+00
      vertex  1.329496e+02  8.070000e+01  1.600000e+00
    endloop
  endfacet
  facet normal  6.452708e-01  1.398826e-04 -7.639539e-01
    outer loop
      vertex  1.333075e+02  8.120000e+01  1.750910e+00
      vertex  1.333031e+02  7.716946e+01  1.746447e+00
      vertex  1.332339e+02  8.120000e+01  1.688672e+00
    endloop
  endfacet
  facet normal  6.736291e-01  9.840002e-04 -7.390688e-01
    outer loop
      vertex  1.332339e+02  8.120000e+01  1.688672e+00
      vertex  1.333031e+02  7.716946e+01  1.746447e+00
      vertex  1.332660e+02  7.736000e+01  1.712849e+00
    endloop
  endfacet
  facet normal  5.714197e-01 -3.850337e-04 -8.206578e-01
    outer loop
      vertex  1.332339e+02  8.120000e+01  1.688672e+00
      vertex  1.332660e+02  7.736000e+01  1.712849e+00
      vertex  1.332039e+02  7.760565e+01  1.669534e+00
    endloop
  endfacet
  facet normal  4.865193e-01  6.036493e-04 -8.736696e-01
    outer loop
      vertex  1.332339e+02  8.120000e+01  1.688672e+00
      vertex  1.332039e+02  7.760565e+01  1.669534e+00
      vertex  1.331496e+02  8.120000e+01  1.641742e+00
    endloop
  endfacet
  facet normal  4.698145e-01  2.806501e-04 -8.827651e-01
    outer loop
      vertex  1.331496e+02  8.120000e+01  1.641742e+00
      vertex  1.332039e+02  7.760565e+01  1.669534e+00
      vertex  1.331639e+02  7.772623e+01  1.648272e+00
    endloop
  endfacet
  facet normal  4.143050e-01  0.000000e+00 -9.101381e-01
    outer loop
      vertex  1.331496e+02  8.120000e+01  1.641742e+00
      vertex  1.331639e+02  7.772623e+01  1.648272e+00
      vertex  1.331496e+02  8.070000e+01  1.641742e+00
    endloop
  endfacet
  facet normal  3.362370e-01 -4.460105e-04 -9.417773e-01
    outer loop
      vertex  1.331496e+02  8.070000e+01  1.641742e+00
      vertex  1.331639e+02  7.772623e+01  1.648272e+00
      vertex  1.330850e+02  8.070000e+01  1.618698e+00
    endloop
  endfacet
  facet normal  3.911676e-01  1.224587e-03 -9.203187e-01
    outer loop
      vertex  1.330850e+02  8.070000e+01  1.618698e+00
      vertex  1.331639e+02  7.772623e+01  1.648272e+00
      vertex  1.331236e+02  7.782272e+01  1.631259e+00
    endloop
  endfacet
  facet normal  3.247127e-01  2.227203e-04 -9.458126e-01
    outer loop
      vertex  1.330850e+02  8.070000e+01  1.618698e+00
      vertex  1.331236e+02  7.782272e+01  1.631259e+00
      vertex  1.330997e+02  7.786925e+01  1.623056e+00
    endloop
  endfacet
  facet normal  -0.000000e+00  0.000000e+00 -1.000000e+00
    outer loop
      vertex  1.274496e+02  8.070000e+01  1.600000e+00
      vertex  1.329496e+02  8.070000e+01  1.600000e+00
      vertex  1.274496e+02  7.800000e+01  1.600000e+00
    endloop
  endfacet
  facet normal  0.000000e+00  0.000000e+00 -1.000000e+00
    outer loop
      vertex  1.274496e+02  7.800000e+01  1.600000e+00
      vertex  1.329496e+02  8.070000e+01  1.600000e+00
      vertex  1.329496e+02  7.800000e+01  1.600000e+00
    endloop
  endfacet
  facet normal -1.000000e+00  0.000000e+00  0.000000e+00
    outer loop
      vertex  1.274496e+02  7.500000e+01  2.128981e+00
      vertex  1.274496e+02  7.500000e+01  5.600000e+00
      vertex  1.274496e+02  7.800000e+01  1.600000e+00
    endloop
  endfacet
  facet normal -1.000000e+00  0.000000e+00  0.000000e+00
    outer loop
      vertex  1.274496e+02  7.800000e+01  1.600000e+00
      vertex  1.274496e+02  7.500000e+01  5.600000e+00
      vertex  1.274496e+02  8.070000e+01  5.600000e+00
    endloop
  endfacet
  facet normal -9.999999e-01  0.000000e+00  -0.000000e+00
    outer loop
      vertex  1.274496e+02  7.800000e+01  1.600000e+00
      vertex  1.274496e+02  8.070000e+01  5.600000e+00
      vertex  1.274496e+02  8.070000e+01  1.600000e+00
    endloop
  endfacet
  facet normal  -0.000000e+00  0.000000e+00  9.999999e-01
    outer loop
      vertex  1.331000e+02  8.070000e+01  5.600000e+00
      vertex  1.274496e+02  8.070000e+01  5.600000e+00
      vertex  1.331000e+02  7.601740e+01  5.600000e+00
    endloop
  endfacet
  facet normal  0.000000e+00  0.000000e+00  1.000000e+00
    outer loop
      vertex  1.331000e+02  7.601740e+01  5.600000e+00
      vertex  1.274496e+02  8.070000e+01  5.600000e+00
      vertex  1.274496e+02  7.500000e+01  5.600000e+00
    endloop
  endfacet
  facet normal  0.000000e+00  0.000000e+00  9.999999e-01
    outer loop
      vertex  1.331000e+02  7.601740e+01  5.600000e+00
      vertex  1.274496e+02  7.500000e+01  5.600000e+00
      vertex  1.329206e+02  7.500000e+01  5.600000e+00
    endloop
  endfacet
  facet normal  0.000000e+00  0.000000e+00 -1.000000e+00
    outer loop
      vertex  2.637163e+00  7.800000e+01  2.100000e+00
      vertex  2.637163e+00  8.070000e+01  2.100000e+00
      vertex  1.112429e+01  7.800000e+01  2.100000e+00
    endloop
  endfacet
  facet normal  0.000000e+00  0.000000e+00 -1.000000e+00
    outer loop
      vertex  1.112429e+01  7.800000e+01  2.100000e+00
      vertex  2.637163e+00  8.070000e+01  2.100000e+00
      vertex  1.112429e+01  8.070000e+01  2.100000e+00
    endloop
  endfacet
  facet normal -1.000000e+00  0.000000e+00  0.000000e+00
    outer loop
      vertex  1.196844e+01  8.070000e+01  1.860118e+01
      vertex  1.196844e+01  8.070000e+01  2.466370e+01
      vertex  1.196844e+01  8.120000e+01  1.860118e+01
    endloop
  endfacet
  facet normal -1.000000e+00  0.000000e+00  0.000000e+00
    outer loop
      vertex  1.196844e+01  8.120000e+01  1.860118e+01
      vertex  1.196844e+01  8.070000e+01  2.466370e+01
      vertex  1.196844e+01  8.120000e+01  2.466370e+01
    endloop
  endfacet
  facet normal -9.951846e-01  0.000000e+00  9.801812e-02
    outer loop
      vertex  1.196844e+01  8.120000e+01  2.466370e+01
      vertex  1.196844e+01  8.070000e+01  2.466370e+01
      vertex  1.197805e+01  8.120000e+01  2.476125e+01
    endloop
  endfacet
  facet normal -9.951846e-01  0.000000e+00  9.801812e-02
    outer loop
      vertex  1.197805e+01  8.120000e+01  2.476125e+01
      vertex  1.196844e+01  8.070000e+01  2.466370e+01
      vertex  1.197805e+01  8.070000e+01  2.476125e+01
    endloop
  endfacet
  facet normal -9.569413e-01  0.000000e+00  2.902815e-01
    outer loop
      vertex  1.197805e+01  8.120000e+01  2.476125e+01
      vertex  1.197805e+01  8.070000e+01  2.476125e+01
      vertex  1.200650e+01  8.120000e+01  2.485505e+01
    endloop
  endfacet
  facet normal -9.569413e-01  0.000000e+00  2.902815e-01
    outer loop
      vertex  1.200650e+01  8.120000e+01  2.485505e+01
      vertex  1.197805e+01  8.070000e+01  2.476125e+01
      vertex  1.200650e+01  8.070000e+01  2.485505e+01
    endloop
  endfacet
  facet normal -8.819219e-01  0.000000e+00  4.713956e-01
    outer loop
      vertex  1.200650e+01  8.120000e+01  2.485505e+01
      vertex  1.200650e+01  8.070000e+01  2.485505e+01
      vertex  1.205270e+01  8.120000e+01  2.494149e+01
    endloop
  endfacet
  facet normal -8.819219e-01  0.000000e+00  4.713956e-01
    outer loop
      vertex  1.205270e+01  8.120000e+01  2.494149e+01
      vertex  1.200650e+01  8.070000e+01  2.485505e+01
      vertex  1.205270e+01  8.070000e+01  2.494149e+01
    endloop
  endfacet
  facet normal -7.730070e-01  0.000000e+00  6.343974e-01
    outer loop
      vertex  1.205270e+01  8.120000e+01  2.494149e+01
      vertex  1.205270e+01  8.070000e+01  2.494149e+01
      vertex  1.211489e+01  8.120000e+01  2.501726e+01
    endloop
  endfacet
  facet normal -7.730070e-01  0.000000e+00  6.343974e-01
    outer loop
      vertex  1.211489e+01  8.120000e+01  2.501726e+01
      vertex  1.205270e+01  8.070000e+01  2.494149e+01
      vertex  1.211489e+01  8.070000e+01  2.501726e+01
    endloop
  endfacet
  facet normal -6.343927e-01  0.000000e+00  7.730110e-01
    outer loop
      vertex  1.211489e+01  8.120000e+01  2.501726e+01
      vertex  1.211489e+01  8.070000e+01  2.501726e+01
      vertex  1.219065e+01  8.120000e+01  2.507944e+01
    endloop
  endfacet
  facet normal -6.343927e-01  0.000000e+00  7.730110e-01
    outer loop
      vertex  1.219065e+01  8.120000e+01  2.507944e+01
      vertex  1.211489e+01  8.070000e+01  2.501726e+01
      vertex  1.219065e+01  8.070000e+01  2.507944e+01
    endloop
  endfacet
  facet normal -4.714031e-01  0.000000e+00  8.819179e-01
    outer loop
      vertex  1.219065e+01  8.120000e+01  2.507944e+01
      vertex  1.219065e+01  8.070000e+01  2.507944e+01
      vertex  1.227710e+01  8.120000e+01  2.512564e+01
    endloop
  endfacet
  facet normal -4.714031e-01  0.000000e+00  8.819179e-01
    outer loop
      vertex  1.227710e+01  8.120000e+01  2.512564e+01
      vertex  1.219065e+01  8.070000e+01  2.507944e+01
      vertex  1.227710e+01  8.070000e+01  2.512564e+01
    endloop
  endfacet
  facet normal -2.902931e-01  0.000000e+00  9.569378e-01
    outer loop
      vertex  1.227710e+01  8.120000e+01  2.512564e+01
      vertex  1.227710e+01  8.070000e+01  2.512564e+01
      vertex  1.237089e+01  8.120000e+01  2.515410e+01
    endloop
  endfacet
  facet normal -2.902931e-01  0.000000e+00  9.569378e-01
    outer loop
      vertex  1.237089e+01  8.120000e+01  2.515410e+01
      vertex  1.227710e+01  8.070000e+01  2.512564e+01
      vertex  1.237089e+01  8.070000e+01  2.515410e+01
    endloop
  endfacet
  facet normal -9.801622e-02  0.000000e+00  9.951848e-01
    outer loop
      vertex  1.237089e+01  8.120000e+01  2.515410e+01
      vertex  1.237089e+01  8.070000e+01  2.515410e+01
      vertex  1.246844e+01  8.120000e+01  2.516370e+01
    endloop
  endfacet
  facet normal -9.801622e-02  0.000000e+00  9.951848e-01
    outer loop
      vertex  1.246844e+01  8.120000e+01  2.516370e+01
      vertex  1.237089e+01  8.070000e+01  2.515410e+01
      vertex  1.246844e+01  8.070000e+01  2.516370e+01
    endloop
  endfacet
  facet normal  0.000000e+00  0.000000e+00  1.000000e+00
    outer loop
      vertex  1.246844e+01  8.070000e+01  2.516370e+01
      vertex  1.013132e+02  8.070000e+01  2.516370e+01
      vertex  1.246844e+01  8.120000e+01  2.516370e+01
    endloop
  endfacet
  facet normal  -0.000000e+00  0.000000e+00  1.000000e+00
    outer loop
      vertex  1.246844e+01  8.120000e+01  2.516370e+01
      vertex  1.013132e+02  8.070000e+01  2.516370e+01
      vertex  1.013132e+02  8.120000e+01  2.516370e+01
    endloop
  endfacet
  facet normal  9.801243e-02  -0.000000e+00  9.951852e-01
    outer loop
      vertex  1.013132e+02  8.120000e+01  2.516370e+01
      vertex  1.013132e+02  8.070000e+01  2.516370e+01
      vertex  1.014108e+02  8.120000e+01  2.515410e+01
    endloop
  endfacet
  facet normal  9.801243e-02  0.000000e+00  9.951852e-01
    outer loop
      vertex  1.014108e+02  8.120000e+01  2.515410e+01
      vertex  1.013132e+02  8.070000e+01  2.516370e+01
      vertex  1.014108e+02  8.070000e+01  2.515410e+01
    endloop
  endfacet
  facet normal  2.902958e-01  -0.000000e+00  9.569370e-01
    outer loop
      vertex  1.014108e+02  8.120000e+01  2.515410e+01
      vertex  1.014108e+02  8.070000e+01  2.515410e+01
      vertex  1.015046e+02  8.120000e+01  2.512564e+01
    endloop
  endfacet
  facet normal  2.902958e-01  0.000000e+00  9.569370e-01
    outer loop
      vertex  1.015046e+02  8.120000e+01  2.512564e+01
      vertex  1.014108e+02  8.070000e+01  2.515410e+01
      vertex  1.015046e+02  8.070000e+01  2.512564e+01
    endloop
  endfacet
  facet normal  4.714112e-01  -0.000000e+00  8.819135e-01
    outer loop
      vertex  1.015046e+02  8.120000e+01  2.512564e+01
      vertex  1.015046e+02  8.070000e+01  2.512564e+01
      vertex  1.015910e+02  8.120000e+01  2.507944e+01
    endloop
  endfacet
  facet normal  4.714112e-01  0.000000e+00  8.819135e-01
    outer loop
      vertex  1.015910e+02  8.120000e+01  2.507944e+01
      vertex  1.015046e+02  8.070000e+01  2.512564e+01
      vertex  1.015910e+02  8.070000e+01  2.507944e+01
    endloop
  endfacet
  facet normal  6.343974e-01  -0.000000e+00  7.730070e-01
    outer loop
      vertex  1.015910e+02  8.120000e+01  2.507944e+01
      vertex  1.015910e+02  8.070000e+01  2.507944e+01
      vertex  1.016668e+02  8.120000e+01  2.501726e+01
    endloop
  endfacet
  facet normal  6.343974e-01  0.000000e+00  7.730070e-01
    outer loop
      vertex  1.016668e+02  8.120000e+01  2.501726e+01
      vertex  1.015910e+02  8.070000e+01  2.507944e+01
      vertex  1.016668e+02  8.070000e+01  2.501726e+01
    endloop
  endfacet
  facet normal  7.729784e-01  -0.000000e+00  6.344323e-01
    outer loop
      vertex  1.016668e+02  8.120000e+01  2.501726e+01
      vertex  1.016668e+02  8.070000e+01  2.501726e+01
      vertex  1.017290e+02  8.120000e+01  2.494149e+01
    endloop
  endfacet
  facet normal  7.729784e-01  0.000000e+00  6.344323e-01
    outer loop
      vertex  1.017290e+02  8.120000e+01  2.494149e+01
      vertex  1.016668e+02  8.070000e+01  2.501726e+01
      vertex  1.017290e+02  8.070000e+01  2.494149e+01
    endloop
  endfacet
  facet normal  8.819259e-01  -0.000000e+00  4.713880e-01
    outer loop
      vertex  1.017290e+02  8.120000e+01  2.494149e+01
      vertex  1.017290e+02  8.070000e+01  2.494149e+01
      vertex  1.017752e+02  8.120000e+01  2.485505e+01
    endloop
  endfacet
  facet normal  8.819259e-01  0.000000e+00  4.713880e-01
    outer loop
      vertex  1.017752e+02  8.120000e+01  2.485505e+01
      vertex  1.017290e+02  8.070000e+01  2.494149e+01
      vertex  1.017752e+02  8.070000e+01  2.485505e+01
    endloop
  endfacet
  facet normal  9.569494e-01  -0.000000e+00  2.902547e-01
    outer loop
      vertex  1.017752e+02  8.120000e+01  2.485505e+01
      vertex  1.017752e+02  8.070000e+01  2.485505e+01
      vertex  1.018036e+02  8.120000e+01  2.476125e+01
    endloop
  endfacet
  facet normal  9.569494e-01  0.000000e+00  2.902547e-01
    outer loop
      vertex  1.018036e+02  8.120000e+01  2.476125e+01
      vertex  1.017752e+02  8.070000e+01  2.485505e+01
      vertex  1.018036e+02  8.070000e+01  2.476125e+01
    endloop
  endfacet
  facet normal  9.951864e-01  -0.000000e+00  9.799884e-02
    outer loop
      vertex  1.018036e+02  8.120000e+01  2.476125e+01
      vertex  1.018036e+02  8.070000e+01  2.476125e+01
      vertex  1.018132e+02  8.120000e+01  2.466370e+01
    endloop
  endfacet
  facet normal  9.951864e-01  0.000000e+00  9.799884e-02
    outer loop
      vertex  1.018132e+02  8.120000e+01  2.466370e+01
      vertex  1.018036e+02  8.070000e+01  2.476125e+01
      vertex  1.018132e+02  8.070000e+01  2.466370e+01
    endloop
  endfacet
  facet normal  1.000000e+00  0.000000e+00  0.000000e+00
    outer loop
      vertex  1.018132e+02  8.070000e+01  2.466370e+01
      vertex  1.018132e+02  8.070000e+01  2.246592e+01
      vertex  1.018132e+02  8.120000e+01  2.466370e+01
    endloop
  endfacet
  facet normal  1.000000e+00  0.000000e+00  0.000000e+00
    outer loop
      vertex  1.018132e+02  8.120000e+01  2.466370e+01
      vertex  1.018132e+02  8.070000e+01  2.246592e+01
      vertex  1.018132e+02  8.120000e+01  2.246592e+01
    endloop
  endfacet
  facet normal  0.000000e+00  0.000000e+00  1.000000e+00
    outer loop
      vertex  1.072305e+02  8.070000e+01  2.246592e+01
      vertex  1.072305e+02  8.120000e+01  2.246592e+01
      vertex  1.018132e+02  8.070000e+01  2.246592e+01
    endloop
  endfacet
  facet normal  0.000000e+00  0.000000e+00  1.000000e+00
    outer loop
      vertex  1.018132e+02  8.070000e+01  2.246592e+01
      vertex  1.072305e+02  8.120000e+01  2.246592e+01
      vertex  1.018132e+02  8.120000e+01  2.246592e+01
    endloop
  endfacet
  facet normal -1.000000e+00  0.000000e+00  0.000000e+00
    outer loop
      vertex  1.072305e+02  8.070000e+01  2.246592e+01
      vertex  1.072305e+02  8.070000e+01  2.396592e+01
      vertex  1.072305e+02  8.120000e+01  2.246592e+01
    endloop
  endfacet
  facet normal -1.000000e+00  0.000000e+00  0.000000e+00
    outer loop
      vertex  1.072305e+02  8.120000e+01  2.246592e+01
      vertex  1.072305e+02  8.070000e+01  2.396592e+01
      vertex  1.072305e+02  8.120000e+01  2.396592e+01
    endloop
  endfacet
  facet normal  0.000000e+00  0.000000e+00  1.000000e+00
    outer loop
      vertex  2.637163e+00  7.800000e+01  1.860118e+01
      vertex  1.112429e+01  7.800000e+01  1.860118e+01
      vertex  2.637163e+00  8.120000e+01  1.860118e+01
    endloop
  endfacet
  facet normal  0.000000e+00  0.000000e+00  1.000000e+00
    outer loop
      vertex  2.637163e+00  8.120000e+01  1.860118e+01
      vertex  1.112429e+01  7.800000e+01  1.860118e+01
      vertex  1.112429e+01  8.070000e+01  1.860118e+01
    endloop
  endfacet
  facet normal  0.000000e+00  -0.000000e+00  1.000000e+00
    outer loop
      vertex  2.637163e+00  8.120000e+01  1.860118e+01
      vertex  1.112429e+01  8.070000e+01  1.860118e+01
      vertex  1.196844e+01  8.120000e+01  1.860118e+01
    endloop
  endfacet
  facet normal  0.000000e+00  0.000000e+00  1.000000e+00
    outer loop
      vertex  1.196844e+01  8.120000e+01  1.860118e+01
      vertex  1.112429e+01  8.070000e+01  1.860118e+01
      vertex  1.196844e+01  8.070000e+01  1.860118e+01
    endloop
  endfacet
  facet normal  0.000000e+00 -1.000000e+00  -0.000000e+00
    outer loop
      vertex  1.112429e+01  7.500000e+01  1.560118e+01
      vertex  1.112429e+01  7.500000e+01  1.807220e+01
      vertex  2.666144e+00  7.500000e+01  1.560118e+01
    endloop
  endfacet
  facet normal  0.000000e+00 -1.000000e+00  0.000000e+00
    outer loop
      vertex  2.666144e+00  7.500000e+01  1.560118e+01
      vertex  1.112429e+01  7.500000e+01  1.807220e+01
      vertex  2.666144e+00  7.500000e+01  1.807220e+01
    endloop
  endfacet
  facet normal  1.000000e+00  0.000000e+00  0.000000e+00
    outer loop
      vertex  1.112429e+01  7.800000e+01  1.860118e+01
      vertex  1.112429e+01  7.500000e+01  1.807220e+01
      vertex  1.112429e+01  8.070000e+01  1.860118e+01
    endloop
  endfacet
  facet normal  1.000000e+00  0.000000e+00  0.000000e+00
    outer loop
      vertex  1.112429e+01  8.070000e+01  1.860118e+01
      vertex  1.112429e+01  7.500000e+01  1.807220e+01
      vertex  1.112429e+01  7.500000e+01  1.560118e+01
    endloop
  endfacet
  facet normal  1.000000e+00  0.000000e+00  0.000000e+00
    outer loop
      vertex  1.112429e+01  8.070000e+01  1.860118e+01
      vertex  1.112429e+01  7.500000e+01  1.560118e+01
      vertex  1.112429e+01  8.070000e+01  1.560118e+01
    endloop
  endfacet
  facet normal -9.999999e-01  0.000000e+00  0.000000e+00
    outer loop
      vertex  2.437163e+00  8.070000e+01  6.100000e+00
      vertex  2.437163e+00  8.070000e+01  1.560118e+01
      vertex  2.437163e+00  8.120000e+01  6.100000e+00
    endloop
  endfacet
  facet normal -9.999999e-01  0.000000e+00  0.000000e+00
    outer loop
      vertex  2.437163e+00  8.120000e+01  6.100000e+00
      vertex  2.437163e+00  8.070000e+01  1.560118e+01
      vertex  2.437163e+00  8.120000e+01  1.560118e+01
    endloop
  endfacet
  facet normal  1.000000e+00  0.000000e+00  0.000000e+00
    outer loop
      vertex  1.112429e+01  7.800000e+01  2.100000e+00
      vertex  1.112429e+01  8.070000e+01  2.100000e+00
      vertex  1.112429e+01  7.500000e+01  2.628981e+00
    endloop
  endfacet
  facet normal  1.000000e+00  -0.000000e+00  0.000000e+00
    outer loop
      vertex  1.112429e+01  7.500000e+01  2.628981e+00
      vertex  1.112429e+01  8.070000e+01  2.100000e+00
      vertex  1.112429e+01  8.070000e+01  6.100000e+00
    endloop
  endfacet
  facet normal  1.000000e+00  0.000000e+00  0.000000e+00
    outer loop
      vertex  1.112429e+01  7.500000e+01  2.628981e+00
      vertex  1.112429e+01  8.070000e+01  6.100000e+00
      vertex  1.112429e+01  7.500000e+01  6.100000e+00
    endloop
  endfacet
  facet normal  2.231994e-01  0.000000e+00  9.747728e-01
    outer loop
      vertex  1.331000e+02  8.120000e+01  2.386757e+01
      vertex  1.331000e+02  8.240000e+01  2.386757e+01
      vertex  1.327785e+02  8.120000e+01  2.394119e+01
    endloop
  endfacet
  facet normal  2.231994e-01  -0.000000e+00  9.747728e-01
    outer loop
      vertex  1.327785e+02  8.120000e+01  2.394119e+01
      vertex  1.331000e+02  8.240000e+01  2.386757e+01
      vertex  1.327785e+02  8.240000e+01  2.394119e+01
    endloop
  endfacet
  facet normal  7.496245e-02  0.000000e+00  9.971863e-01
    outer loop
      vertex  1.327785e+02  8.120000e+01  2.394119e+01
      vertex  1.327785e+02  8.240000e+01  2.394119e+01
      vertex  1.324496e+02  8.120000e+01  2.396592e+01
    endloop
  endfacet
  facet normal  7.496245e-02  -0.000000e+00  9.971863e-01
    outer loop
      vertex  1.324496e+02  8.120000e+01  2.396592e+01
      vertex  1.327785e+02  8.240000e+01  2.394119e+01
      vertex  1.324496e+02  8.240000e+01  2.396592e+01
    endloop
  endfacet
  facet normal  0.000000e+00  0.000000e+00  1.000000e+00
    outer loop
      vertex  1.298209e+02  8.240000e+01  2.396592e+01
      vertex  1.298209e+02  8.120000e+01  2.396592e+01
      vertex  1.324496e+02  8.240000e+01  2.396592e+01
    endloop
  endfacet
  facet normal  0.000000e+00  0.000000e+00  1.000000e+00
    outer loop
      vertex  1.324496e+02  8.240000e+01  2.396592e+01
      vertex  1.298209e+02  8.120000e+01  2.396592e+01
      vertex  1.324496e+02  8.120000e+01  2.396592e+01
    endloop
  endfacet
  facet normal  0.000000e+00  -0.000000e+00  1.000000e+00
    outer loop
      vertex  1.293209e+02  8.120000e+01  2.396592e+01
      vertex  1.298209e+02  8.120000e+01  2.396592e+01
      vertex  1.298209e+02  8.240000e+01  2.396592e+01
    endloop
  endfacet
  facet normal  0.000000e+00  0.000000e+00  9.999999e-01
    outer loop
      vertex  1.293209e+02  8.120000e+01  2.396592e+01
      vertex  1.298209e+02  8.240000e+01  2.396592e+01
      vertex  1.072305e+02  8.120000e+01  2.396592e+01
    endloop
  endfacet
  facet normal  -0.000000e+00  0.000000e+00  1.000000e+00
    outer loop
      vertex  1.293209e+02  8.120000e+01  2.396592e+01
      vertex  1.072305e+02  8.120000e+01  2.396592e+01
      vertex  1.072305e+02  8.070000e+01  2.396592e+01
    endloop
  endfacet
  facet normal  0.000000e+00  0.000000e+00  1.000000e+00
    outer loop
      vertex  1.293209e+02  8.120000e+01  2.396592e+01
      vertex  1.072305e+02  8.070000e+01  2.396592e+01
      vertex  1.293209e+02  8.070000e+01  2.396592e+01
    endloop
  endfacet
  facet normal  0.000000e+00  0.000000e+00  1.000000e+00
    outer loop
      vertex  1.033132e+02  8.240000e+01  2.396592e+01
      vertex  1.033132e+02  8.120000e+01  2.396592e+01
      vertex  1.298209e+02  8.240000e+01  2.396592e+01
    endloop
  endfacet
  facet normal  0.000000e+00  0.000000e+00  1.000000e+00
    outer loop
      vertex  1.298209e+02  8.240000e+01  2.396592e+01
      vertex  1.033132e+02  8.120000e+01  2.396592e+01
      vertex  1.072305e+02  8.120000e+01  2.396592e+01
    endloop
  endfacet
  facet normal  1.000000e+00  0.000000e+00  0.000000e+00
    outer loop
      vertex  1.033132e+02  8.120000e+01  2.446370e+01
      vertex  1.033132e+02  8.120000e+01  2.396592e+01
      vertex  1.033132e+02  8.240000e+01  2.446370e+01
    endloop
  endfacet
  facet normal  1.000000e+00  0.000000e+00  0.000000e+00
    outer loop
      vertex  1.033132e+02  8.240000e+01  2.446370e+01
      vertex  1.033132e+02  8.120000e+01  2.396592e+01
      vertex  1.033132e+02  8.240000e+01  2.396592e+01
    endloop
  endfacet
  facet normal  9.961962e-01  0.000000e+00  8.713956e-02
    outer loop
      vertex  1.033132e+02  8.120000e+01  2.446370e+01
      vertex  1.033132e+02  8.240000e+01  2.446370e+01
      vertex  1.032798e+02  8.120000e+01  2.484573e+01
    endloop
  endfacet
  facet normal  9.961962e-01  -0.000000e+00  8.713956e-02
    outer loop
      vertex  1.032798e+02  8.120000e+01  2.484573e+01
      vertex  1.033132e+02  8.240000e+01  2.446370e+01
      vertex  1.032798e+02  8.240000e+01  2.484573e+01
    endloop
  endfacet
  facet normal  9.659225e-01  0.000000e+00  2.588314e-01
    outer loop
      vertex  1.032798e+02  8.120000e+01  2.484573e+01
      vertex  1.032798e+02  8.240000e+01  2.484573e+01
      vertex  1.031805e+02  8.120000e+01  2.521615e+01
    endloop
  endfacet
  facet normal  9.659225e-01  -0.000000e+00  2.588314e-01
    outer loop
      vertex  1.031805e+02  8.120000e+01  2.521615e+01
      vertex  1.032798e+02  8.240000e+01  2.484573e+01
      vertex  1.031805e+02  8.240000e+01  2.521615e+01
    endloop
  endfacet
  facet normal  9.063118e-01  0.000000e+00  4.226096e-01
    outer loop
      vertex  1.031805e+02  8.120000e+01  2.521615e+01
      vertex  1.031805e+02  8.240000e+01  2.521615e+01
      vertex  1.030185e+02  8.120000e+01  2.556370e+01
    endloop
  endfacet
  facet normal  9.063118e-01  -0.000000e+00  4.226096e-01
    outer loop
      vertex  1.030185e+02  8.120000e+01  2.556370e+01
      vertex  1.031805e+02  8.240000e+01  2.521615e+01
      vertex  1.030185e+02  8.240000e+01  2.556370e+01
    endloop
  endfacet
  facet normal  8.191459e-01  0.000000e+00  5.735852e-01
    outer loop
      vertex  1.030185e+02  8.120000e+01  2.556370e+01
      vertex  1.030185e+02  8.240000e+01  2.556370e+01
      vertex  1.027985e+02  8.120000e+01  2.587784e+01
    endloop
  endfacet
  facet normal  8.191459e-01  -0.000000e+00  5.735852e-01
    outer loop
      vertex  1.027985e+02  8.120000e+01  2.587784e+01
      vertex  1.030185e+02  8.240000e+01  2.556370e+01
      vertex  1.027985e+02  8.240000e+01  2.587784e+01
    endloop
  endfacet
  facet normal  7.071068e-01  0.000000e+00  7.071068e-01
    outer loop
      vertex  1.027985e+02  8.120000e+01  2.587784e+01
      vertex  1.027985e+02  8.240000e+01  2.587784e+01
      vertex  1.025274e+02  8.120000e+01  2.614900e+01
    endloop
  endfacet
  facet normal  7.071068e-01  -0.000000e+00  7.071068e-01
    outer loop
      vertex  1.025274e+02  8.120000e+01  2.614900e+01
      vertex  1.027985e+02  8.240000e+01  2.587784e+01
      vertex  1.025274e+02  8.240000e+01  2.614900e+01
    endloop
  endfacet
  facet normal  5.735785e-01  0.000000e+00  8.191506e-01
    outer loop
      vertex  1.025274e+02  8.120000e+01  2.614900e+01
      vertex  1.025274e+02  8.240000e+01  2.614900e+01
      vertex  1.022132e+02  8.120000e+01  2.636896e+01
    endloop
  endfacet
  facet normal  5.735785e-01  -0.000000e+00  8.191506e-01
    outer loop
      vertex  1.022132e+02  8.120000e+01  2.636896e+01
      vertex  1.025274e+02  8.240000e+01  2.614900e+01
      vertex  1.022132e+02  8.240000e+01  2.636896e+01
    endloop
  endfacet
  facet normal  4.226159e-01  0.000000e+00  9.063089e-01
    outer loop
      vertex  1.022132e+02  8.120000e+01  2.636896e+01
      vertex  1.022132e+02  8.240000e+01  2.636896e+01
      vertex  1.018657e+02  8.120000e+01  2.653103e+01
    endloop
  endfacet
  facet normal  4.226159e-01  -0.000000e+00  9.063089e-01
    outer loop
      vertex  1.018657e+02  8.120000e+01  2.653103e+01
      vertex  1.022132e+02  8.240000e+01  2.636896e+01
      vertex  1.018657e+02  8.240000e+01  2.653103e+01
    endloop
  endfacet
  facet normal  2.588199e-01  0.000000e+00  9.659256e-01
    outer loop
      vertex  1.018657e+02  8.120000e+01  2.653103e+01
      vertex  1.018657e+02  8.240000e+01  2.653103e+01
      vertex  1.014953e+02  8.120000e+01  2.663028e+01
    endloop
  endfacet
  facet normal  2.588199e-01  -0.000000e+00  9.659256e-01
    outer loop
      vertex  1.014953e+02  8.120000e+01  2.663028e+01
      vertex  1.018657e+02  8.240000e+01  2.653103e+01
      vertex  1.014953e+02  8.240000e+01  2.663028e+01
    endloop
  endfacet
  facet normal  8.715931e-02  0.000000e+00  9.961944e-01
    outer loop
      vertex  1.014953e+02  8.120000e+01  2.663028e+01
      vertex  1.014953e+02  8.240000e+01  2.663028e+01
      vertex  1.011132e+02  8.120000e+01  2.666370e+01
    endloop
  endfacet
  facet normal  8.715931e-02  -0.000000e+00  9.961944e-01
    outer loop
      vertex  1.011132e+02  8.120000e+01  2.666370e+01
      vertex  1.014953e+02  8.240000e+01  2.663028e+01
      vertex  1.011132e+02  8.240000e+01  2.666370e+01
    endloop
  endfacet
  facet normal  0.000000e+00  0.000000e+00  1.000000e+00
    outer loop
      vertex  1.266844e+01  8.240000e+01  2.666370e+01
      vertex  1.266844e+01  8.120000e+01  2.666370e+01
      vertex  1.011132e+02  8.240000e+01  2.666370e+01
    endloop
  endfacet
  facet normal  0.000000e+00  0.000000e+00  1.000000e+00
    outer loop
      vertex  1.011132e+02  8.240000e+01  2.666370e+01
      vertex  1.266844e+01  8.120000e+01  2.666370e+01
      vertex  1.011132e+02  8.120000e+01  2.666370e+01
    endloop
  endfacet
  facet normal -8.715952e-02  0.000000e+00  9.961944e-01
    outer loop
      vertex  1.266844e+01  8.120000e+01  2.666370e+01
      vertex  1.266844e+01  8.240000e+01  2.666370e+01
      vertex  1.228641e+01  8.120000e+01  2.663028e+01
    endloop
  endfacet
  facet normal -8.715952e-02  0.000000e+00  9.961944e-01
    outer loop
      vertex  1.228641e+01  8.120000e+01  2.663028e+01
      vertex  1.266844e+01  8.240000e+01  2.666370e+01
      vertex  1.228641e+01  8.240000e+01  2.663028e+01
    endloop
  endfacet
  facet normal -2.588174e-01  0.000000e+00  9.659262e-01
    outer loop
      vertex  1.228641e+01  8.120000e+01  2.663028e+01
      vertex  1.228641e+01  8.240000e+01  2.663028e+01
      vertex  1.191600e+01  8.120000e+01  2.653103e+01
    endloop
  endfacet
  facet normal -2.588174e-01  0.000000e+00  9.659262e-01
    outer loop
      vertex  1.191600e+01  8.120000e+01  2.653103e+01
      vertex  1.228641e+01  8.240000e+01  2.663028e+01
      vertex  1.191600e+01  8.240000e+01  2.653103e+01
    endloop
  endfacet
  facet normal -4.226168e-01  0.000000e+00  9.063084e-01
    outer loop
      vertex  1.191600e+01  8.120000e+01  2.653103e+01
      vertex  1.191600e+01  8.240000e+01  2.653103e+01
      vertex  1.156844e+01  8.120000e+01  2.636896e+01
    endloop
  endfacet
  facet normal -4.226168e-01  0.000000e+00  9.063084e-01
    outer loop
      vertex  1.156844e+01  8.120000e+01  2.636896e+01
      vertex  1.191600e+01  8.240000e+01  2.653103e+01
      vertex  1.156844e+01  8.240000e+01  2.636896e+01
    endloop
  endfacet
  facet normal -5.735785e-01  0.000000e+00  8.191506e-01
    outer loop
      vertex  1.156844e+01  8.120000e+01  2.636896e+01
      vertex  1.156844e+01  8.240000e+01  2.636896e+01
      vertex  1.125431e+01  8.120000e+01  2.614900e+01
    endloop
  endfacet
  facet normal -5.735785e-01  0.000000e+00  8.191506e-01
    outer loop
      vertex  1.125431e+01  8.120000e+01  2.614900e+01
      vertex  1.156844e+01  8.240000e+01  2.636896e+01
      vertex  1.125431e+01  8.240000e+01  2.614900e+01
    endloop
  endfacet
  facet normal -7.071056e-01  0.000000e+00  7.071080e-01
    outer loop
      vertex  1.125431e+01  8.120000e+01  2.614900e+01
      vertex  1.125431e+01  8.240000e+01  2.614900e+01
      vertex  1.098314e+01  8.120000e+01  2.587784e+01
    endloop
  endfacet
  facet normal -7.071056e-01  0.000000e+00  7.071080e-01
    outer loop
      vertex  1.098314e+01  8.120000e+01  2.587784e+01
      vertex  1.125431e+01  8.240000e+01  2.614900e+01
      vertex  1.098314e+01  8.240000e+01  2.587784e+01
    endloop
  endfacet
  facet normal -8.191518e-01  0.000000e+00  5.735768e-01
    outer loop
      vertex  1.098314e+01  8.120000e+01  2.587784e+01
      vertex  1.098314e+01  8.240000e+01  2.587784e+01
      vertex  1.076318e+01  8.120000e+01  2.556370e+01
    endloop
  endfacet
  facet normal -8.191518e-01  0.000000e+00  5.735768e-01
    outer loop
      vertex  1.076318e+01  8.120000e+01  2.556370e+01
      vertex  1.098314e+01  8.240000e+01  2.587784e+01
      vertex  1.076318e+01  8.240000e+01  2.556370e+01
    endloop
  endfacet
  facet normal -9.063079e-01  0.000000e+00  4.226178e-01
    outer loop
      vertex  1.076318e+01  8.120000e+01  2.556370e+01
      vertex  1.076318e+01  8.240000e+01  2.556370e+01
      vertex  1.060112e+01  8.120000e+01  2.521615e+01
    endloop
  endfacet
  facet normal -9.063079e-01  0.000000e+00  4.226178e-01
    outer loop
      vertex  1.060112e+01  8.120000e+01  2.521615e+01
      vertex  1.076318e+01  8.240000e+01  2.556370e+01
      vertex  1.060112e+01  8.240000e+01  2.521615e+01
    endloop
  endfacet
  facet normal -9.659256e-01  0.000000e+00  2.588198e-01
    outer loop
      vertex  1.060112e+01  8.120000e+01  2.521615e+01
      vertex  1.060112e+01  8.240000e+01  2.521615e+01
      vertex  1.050186e+01  8.120000e+01  2.484573e+01
    endloop
  endfacet
  facet normal -9.659256e-01  0.000000e+00  2.588198e-01
    outer loop
      vertex  1.050186e+01  8.120000e+01  2.484573e+01
      vertex  1.060112e+01  8.240000e+01  2.521615e+01
      vertex  1.050186e+01  8.240000e+01  2.484573e+01
    endloop
  endfacet
  facet normal -9.961948e-01  0.000000e+00  8.715437e-02
    outer loop
      vertex  1.050186e+01  8.120000e+01  2.484573e+01
      vertex  1.050186e+01  8.240000e+01  2.484573e+01
      vertex  1.046844e+01  8.120000e+01  2.446370e+01
    endloop
  endfacet
  facet normal -9.961948e-01  0.000000e+00  8.715437e-02
    outer loop
      vertex  1.046844e+01  8.120000e+01  2.446370e+01
      vertex  1.050186e+01  8.240000e+01  2.484573e+01
      vertex  1.046844e+01  8.240000e+01  2.446370e+01
    endloop
  endfacet
  facet normal -9.999999e-01  0.000000e+00  0.000000e+00
    outer loop
      vertex  1.046844e+01  8.240000e+01  2.010118e+01
      vertex  1.046844e+01  8.120000e+01  2.010118e+01
      vertex  1.046844e+01  8.240000e+01  2.446370e+01
    endloop
  endfacet
  facet normal -9.999999e-01  -0.000000e+00  0.000000e+00
    outer loop
      vertex  1.046844e+01  8.240000e+01  2.446370e+01
      vertex  1.046844e+01  8.120000e+01  2.010118e+01
      vertex  1.046844e+01  8.120000e+01  2.446370e+01
    endloop
  endfacet
  facet normal  0.000000e+00  0.000000e+00  1.000000e+00
    outer loop
      vertex  3.137163e+00  8.240000e+01  2.010118e+01
      vertex  3.137163e+00  8.120000e+01  2.010118e+01
      vertex  1.046844e+01  8.240000e+01  2.010118e+01
    endloop
  endfacet
  facet normal  0.000000e+00  0.000000e+00  1.000000e+00
    outer loop
      vertex  1.046844e+01  8.240000e+01  2.010118e+01
      vertex  3.137163e+00  8.120000e+01  2.010118e+01
      vertex  1.046844e+01  8.120000e+01  2.010118e+01
    endloop
  endfacet
  facet normal -1.000000e+00  0.000000e+00  0.000000e+00
    outer loop
      vertex  1.521497e+00  8.120000e+01 -2.220906e+00
      vertex  1.521497e+00  8.120000e+01 -1.200000e+00
      vertex  1.521497e+00  8.240000e+01 -2.220906e+00
    endloop
  endfacet
  facet normal -1.000000e+00  0.000000e+00  0.000000e+00
    outer loop
      vertex  1.521497e+00  8.240000e+01 -2.220906e+00
      vertex  1.521497e+00  8.120000e+01 -1.200000e+00
      vertex  1.521497e+00  8.240000e+01 -1.200000e+00
    endloop
  endfacet
  facet normal -9.951848e-01  -0.000000e+00 -9.801710e-02
    outer loop
      vertex  1.521497e+00  8.120000e+01 -2.220906e+00
      vertex  1.521497e+00  8.240000e+01 -2.220906e+00
      vertex  1.554163e+00  8.120000e+01 -2.552560e+00
    endloop
  endfacet
  facet normal -9.951848e-01  0.000000e+00 -9.801710e-02
    outer loop
      vertex  1.554163e+00  8.120000e+01 -2.552560e+00
      vertex  1.521497e+00  8.240000e+01 -2.220906e+00
      vertex  1.554163e+00  8.240000e+01 -2.552560e+00
    endloop
  endfacet
  facet normal -9.569404e-01  -0.000000e+00 -2.902848e-01
    outer loop
      vertex  1.554163e+00  8.120000e+01 -2.552560e+00
      vertex  1.554163e+00  8.240000e+01 -2.552560e+00
      vertex  1.650902e+00  8.120000e+01 -2.871468e+00
    endloop
  endfacet
  facet normal -9.569404e-01  0.000000e+00 -2.902848e-01
    outer loop
      vertex  1.650902e+00  8.120000e+01 -2.871468e+00
      vertex  1.554163e+00  8.240000e+01 -2.552560e+00
      vertex  1.650902e+00  8.240000e+01 -2.871468e+00
    endloop
  endfacet
  facet normal -8.819212e-01  -0.000000e+00 -4.713969e-01
    outer loop
      vertex  1.650902e+00  8.120000e+01 -2.871468e+00
      vertex  1.650902e+00  8.240000e+01 -2.871468e+00
      vertex  1.807999e+00  8.120000e+01 -3.165375e+00
    endloop
  endfacet
  facet normal -8.819212e-01  0.000000e+00 -4.713969e-01
    outer loop
      vertex  1.807999e+00  8.120000e+01 -3.165375e+00
      vertex  1.650902e+00  8.240000e+01 -2.871468e+00
      vertex  1.807999e+00  8.240000e+01 -3.165375e+00
    endloop
  endfacet
  facet normal -7.730103e-01  -0.000000e+00 -6.343936e-01
    outer loop
      vertex  1.807999e+00  8.120000e+01 -3.165375e+00
      vertex  1.807999e+00  8.240000e+01 -3.165375e+00
      vertex  2.019416e+00  8.120000e+01 -3.422987e+00
    endloop
  endfacet
  facet normal -7.730103e-01  0.000000e+00 -6.343936e-01
    outer loop
      vertex  2.019416e+00  8.120000e+01 -3.422987e+00
      vertex  1.807999e+00  8.240000e+01 -3.165375e+00
      vertex  2.019416e+00  8.240000e+01 -3.422987e+00
    endloop
  endfacet
  facet normal -6.343938e-01  -0.000000e+00 -7.730100e-01
    outer loop
      vertex  2.019416e+00  8.120000e+01 -3.422987e+00
      vertex  2.019416e+00  8.240000e+01 -3.422987e+00
      vertex  2.277028e+00  8.120000e+01 -3.634404e+00
    endloop
  endfacet
  facet normal -6.343938e-01  0.000000e+00 -7.730100e-01
    outer loop
      vertex  2.277028e+00  8.120000e+01 -3.634404e+00
      vertex  2.019416e+00  8.240000e+01 -3.422987e+00
      vertex  2.277028e+00  8.240000e+01 -3.634404e+00
    endloop
  endfacet
  facet normal -4.713966e-01  -0.000000e+00 -8.819213e-01
    outer loop
      vertex  2.277028e+00  8.120000e+01 -3.634404e+00
      vertex  2.277028e+00  8.240000e+01 -3.634404e+00
      vertex  2.570936e+00  8.120000e+01 -3.791501e+00
    endloop
  endfacet
  facet normal -4.713966e-01  0.000000e+00 -8.819213e-01
    outer loop
      vertex  2.570936e+00  8.120000e+01 -3.791501e+00
      vertex  2.277028e+00  8.240000e+01 -3.634404e+00
      vertex  2.570936e+00  8.240000e+01 -3.791501e+00
    endloop
  endfacet
  facet normal -2.902848e-01  -0.000000e+00 -9.569404e-01
    outer loop
      vertex  2.570936e+00  8.120000e+01 -3.791501e+00
      vertex  2.570936e+00  8.240000e+01 -3.791501e+00
      vertex  2.889844e+00  8.120000e+01 -3.888241e+00
    endloop
  endfacet
  facet normal -2.902848e-01  0.000000e+00 -9.569404e-01
    outer loop
      vertex  2.889844e+00  8.120000e+01 -3.888241e+00
      vertex  2.570936e+00  8.240000e+01 -3.791501e+00
      vertex  2.889844e+00  8.240000e+01 -3.888241e+00
    endloop
  endfacet
  facet normal -9.801710e-02  -0.000000e+00 -9.951848e-01
    outer loop
      vertex  2.889844e+00  8.120000e+01 -3.888241e+00
      vertex  2.889844e+00  8.240000e+01 -3.888241e+00
      vertex  3.221498e+00  8.120000e+01 -3.920906e+00
    endloop
  endfacet
  facet normal -9.801710e-02  0.000000e+00 -9.951848e-01
    outer loop
      vertex  3.221498e+00  8.120000e+01 -3.920906e+00
      vertex  2.889844e+00  8.240000e+01 -3.888241e+00
      vertex  3.221498e+00  8.240000e+01 -3.920906e+00
    endloop
  endfacet
  facet normal  0.000000e+00  0.000000e+00 -9.999999e-01
    outer loop
      vertex  1.123136e+02  8.240000e+01 -3.920906e+00
      vertex  1.123136e+02  8.120000e+01 -3.920906e+00
      vertex  3.221498e+00  8.240000e+01 -3.920906e+00
    endloop
  endfacet
  facet normal  0.000000e+00  0.000000e+00 -9.999999e-01
    outer loop
      vertex  3.221498e+00  8.240000e+01 -3.920906e+00
      vertex  1.123136e+02  8.120000e+01 -3.920906e+00
      vertex  3.221498e+00  8.120000e+01 -3.920906e+00
    endloop
  endfacet
  facet normal  0.000000e+00  0.000000e+00 -1.000000e+00
    outer loop
      vertex  1.305200e+02  8.240000e+01 -3.920906e+00
      vertex  1.305200e+02  8.120000e+01 -3.920906e+00
      vertex  1.123136e+02  8.240000e+01 -3.920906e+00
    endloop
  endfacet
  facet normal  0.000000e+00  0.000000e+00 -1.000000e+00
    outer loop
      vertex  1.123136e+02  8.240000e+01 -3.920906e+00
      vertex  1.305200e+02  8.120000e+01 -3.920906e+00
      vertex  1.123136e+02  8.120000e+01 -3.920906e+00
    endloop
  endfacet
  facet normal  9.801821e-02  0.000000e+00 -9.951845e-01
    outer loop
      vertex  1.305200e+02  8.120000e+01 -3.920906e+00
      vertex  1.305200e+02  8.240000e+01 -3.920906e+00
      vertex  1.308517e+02  8.120000e+01 -3.888241e+00
    endloop
  endfacet
  facet normal  9.801821e-02  0.000000e+00 -9.951845e-01
    outer loop
      vertex  1.308517e+02  8.120000e+01 -3.888241e+00
      vertex  1.305200e+02  8.240000e+01 -3.920906e+00
      vertex  1.308517e+02  8.240000e+01 -3.888241e+00
    endloop
  endfacet
  facet normal  2.902844e-01  0.000000e+00 -9.569405e-01
    outer loop
      vertex  1.308517e+02  8.120000e+01 -3.888241e+00
      vertex  1.308517e+02  8.240000e+01 -3.888241e+00
      vertex  1.311706e+02  8.120000e+01 -3.791501e+00
    endloop
  endfacet
  facet normal  2.902844e-01  0.000000e+00 -9.569405e-01
    outer loop
      vertex  1.311706e+02  8.120000e+01 -3.791501e+00
      vertex  1.308517e+02  8.240000e+01 -3.888241e+00
      vertex  1.311706e+02  8.240000e+01 -3.791501e+00
    endloop
  endfacet
  facet normal  4.713877e-01  0.000000e+00 -8.819261e-01
    outer loop
      vertex  1.311706e+02  8.120000e+01 -3.791501e+00
      vertex  1.311706e+02  8.240000e+01 -3.791501e+00
      vertex  1.314645e+02  8.120000e+01 -3.634404e+00
    endloop
  endfacet
  facet normal  4.713877e-01  0.000000e+00 -8.819261e-01
    outer loop
      vertex  1.314645e+02  8.120000e+01 -3.634404e+00
      vertex  1.311706e+02  8.240000e+01 -3.791501e+00
      vertex  1.314645e+02  8.240000e+01 -3.634404e+00
    endloop
  endfacet
  facet normal  6.343906e-01  0.000000e+00 -7.730126e-01
    outer loop
      vertex  1.314645e+02  8.120000e+01 -3.634404e+00
      vertex  1.314645e+02  8.240000e+01 -3.634404e+00
      vertex  1.317221e+02  8.120000e+01 -3.422987e+00
    endloop
  endfacet
  facet normal  6.343906e-01  0.000000e+00 -7.730126e-01
    outer loop
      vertex  1.317221e+02  8.120000e+01 -3.422987e+00
      vertex  1.314645e+02  8.240000e+01 -3.634404e+00
      vertex  1.317221e+02  8.240000e+01 -3.422987e+00
    endloop
  endfacet
  facet normal  7.730196e-01  0.000000e+00 -6.343822e-01
    outer loop
      vertex  1.317221e+02  8.120000e+01 -3.422987e+00
      vertex  1.317221e+02  8.240000e+01 -3.422987e+00
      vertex  1.319335e+02  8.120000e+01 -3.165375e+00
    endloop
  endfacet
  facet normal  7.730196e-01  0.000000e+00 -6.343822e-01
    outer loop
      vertex  1.319335e+02  8.120000e+01 -3.165375e+00
      vertex  1.317221e+02  8.240000e+01 -3.422987e+00
      vertex  1.319335e+02  8.240000e+01 -3.165375e+00
    endloop
  endfacet
  facet normal  8.819118e-01  0.000000e+00 -4.714144e-01
    outer loop
      vertex  1.319335e+02  8.120000e+01 -3.165375e+00
      vertex  1.319335e+02  8.240000e+01 -3.165375e+00
      vertex  1.320906e+02  8.120000e+01 -2.871468e+00
    endloop
  endfacet
  facet normal  8.819118e-01  0.000000e+00 -4.714144e-01
    outer loop
      vertex  1.320906e+02  8.120000e+01 -2.871468e+00
      vertex  1.319335e+02  8.240000e+01 -3.165375e+00
      vertex  1.320906e+02  8.240000e+01 -2.871468e+00
    endloop
  endfacet
  facet normal  9.569522e-01  0.000000e+00 -2.902454e-01
    outer loop
      vertex  1.320906e+02  8.120000e+01 -2.871468e+00
      vertex  1.320906e+02  8.240000e+01 -2.871468e+00
      vertex  1.321873e+02  8.120000e+01 -2.552560e+00
    endloop
  endfacet
  facet normal  9.569522e-01  0.000000e+00 -2.902454e-01
    outer loop
      vertex  1.321873e+02  8.120000e+01 -2.552560e+00
      vertex  1.320906e+02  8.240000e+01 -2.871468e+00
      vertex  1.321873e+02  8.240000e+01 -2.552560e+00
    endloop
  endfacet
  facet normal  9.951835e-01  0.000000e+00 -9.802914e-02
    outer loop
      vertex  1.321873e+02  8.120000e+01 -2.552560e+00
      vertex  1.321873e+02  8.240000e+01 -2.552560e+00
      vertex  1.322200e+02  8.120000e+01 -2.220906e+00
    endloop
  endfacet
  facet normal  9.951835e-01  0.000000e+00 -9.802914e-02
    outer loop
      vertex  1.322200e+02  8.120000e+01 -2.220906e+00
      vertex  1.321873e+02  8.240000e+01 -2.552560e+00
      vertex  1.322200e+02  8.240000e+01 -2.220906e+00
    endloop
  endfacet
  facet normal  1.000000e+00  0.000000e+00  0.000000e+00
    outer loop
      vertex  1.322200e+02  8.120000e+01 -1.200000e+00
      vertex  1.322200e+02  8.120000e+01 -2.220906e+00
      vertex  1.322200e+02  8.240000e+01 -1.200000e+00
    endloop
  endfacet
  facet normal  1.000000e+00  0.000000e+00  0.000000e+00
    outer loop
      vertex  1.322200e+02  8.240000e+01 -1.200000e+00
      vertex  1.322200e+02  8.120000e+01 -2.220906e+00
      vertex  1.322200e+02  8.240000e+01 -2.220906e+00
    endloop
  endfacet
  facet normal  0.000000e+00  0.000000e+00 -1.000000e+00
    outer loop
      vertex  1.322200e+02  8.120000e+01 -1.200000e+00
      vertex  1.322200e+02  8.240000e+01 -1.200000e+00
      vertex  1.346059e+02  8.240000e+01 -1.200000e+00
    endloop
  endfacet
  facet normal  0.000000e+00  -0.000000e+00 -1.000000e+00
    outer loop
      vertex  1.322200e+02  8.120000e+01 -1.200000e+00
      vertex  1.346059e+02  8.240000e+01 -1.200000e+00
      vertex  1.346554e+02  8.198895e+01 -1.200000e+00
    endloop
  endfacet
  facet normal  0.000000e+00  -0.000000e+00 -1.000000e+00
    outer loop
      vertex  1.322200e+02  8.120000e+01 -1.200000e+00
      vertex  1.346554e+02  8.198895e+01 -1.200000e+00
      vertex  1.347544e+02  8.158697e+01 -1.200000e+00
    endloop
  endfacet
  facet normal  0.000000e+00  -0.000000e+00 -1.000000e+00
    outer loop
      vertex  1.322200e+02  8.120000e+01 -1.200000e+00
      vertex  1.347544e+02  8.158697e+01 -1.200000e+00
      vertex  1.349016e+02  8.120000e+01 -1.200000e+00
    endloop
  endfacet
  facet normal  9.346732e-01  3.555079e-01  0.000000e+00
    outer loop
      vertex  1.347544e+02  8.158697e+01  2.600000e+00
      vertex  1.349016e+02  8.120000e+01  2.600000e+00
      vertex  1.349016e+02  8.120000e+01  1.400000e+00
    endloop
  endfacet
  facet normal  9.346732e-01  3.555079e-01  0.000000e+00
    outer loop
      vertex  1.347544e+02  8.158697e+01  2.600000e+00
      vertex  1.349016e+02  8.120000e+01  1.400000e+00
      vertex  1.349016e+02  8.120000e+01  3.000000e-01
    endloop
  endfacet
  facet normal  9.346733e-01  3.555079e-01  0.000000e+00
    outer loop
      vertex  1.347544e+02  8.158697e+01  2.600000e+00
      vertex  1.349016e+02  8.120000e+01  3.000000e-01
      vertex  1.349016e+02  8.120000e+01 -1.200000e+00
    endloop
  endfacet
  facet normal  9.346733e-01  3.555079e-01  0.000000e+00
    outer loop
      vertex  1.347544e+02  8.158697e+01  2.600000e+00
      vertex  1.349016e+02  8.120000e+01 -1.200000e+00
      vertex  1.347544e+02  8.158697e+01 -1.200000e+00
    endloop
  endfacet
  facet normal  9.928315e-01  1.195223e-01  0.000000e+00
    outer loop
      vertex  1.346059e+02  8.240000e+01  2.600000e+00
      vertex  1.346554e+02  8.198895e+01  2.600000e+00
      vertex  1.346059e+02  8.240000e+01 -1.200000e+00
    endloop
  endfacet
  facet normal  9.928315e-01  1.195223e-01  0.000000e+00
    outer loop
      vertex  1.346059e+02  8.240000e+01 -1.200000e+00
      vertex  1.346554e+02  8.198895e+01  2.600000e+00
      vertex  1.346554e+02  8.198895e+01 -1.200000e+00
    endloop
  endfacet
  facet normal  9.709532e-01  2.392692e-01  0.000000e+00
    outer loop
      vertex  1.346554e+02  8.198895e+01  2.600000e+00
      vertex  1.347544e+02  8.158697e+01  2.600000e+00
      vertex  1.346554e+02  8.198895e+01 -1.200000e+00
    endloop
  endfacet
  facet normal  9.709532e-01  2.392692e-01  0.000000e+00
    outer loop
      vertex  1.346554e+02  8.198895e+01 -1.200000e+00
      vertex  1.347544e+02  8.158697e+01  2.600000e+00
      vertex  1.347544e+02  8.158697e+01 -1.200000e+00
    endloop
  endfacet
  facet normal  8.972976e-01  4.414263e-01  -0.000000e+00
    outer loop
      vertex  1.350000e+02  8.100000e+01  1.400000e+00
      vertex  1.349016e+02  8.120000e+01  3.000000e-01
      vertex  1.349016e+02  8.120000e+01  1.400000e+00
    endloop
  endfacet
  facet normal  8.972976e-01  4.414263e-01  0.000000e+00
    outer loop
      vertex  1.349016e+02  8.120000e+01  3.000000e-01
      vertex  1.350000e+02  8.100000e+01  1.400000e+00
      vertex  1.350000e+02  8.100000e+01  3.000000e-01
    endloop
  endfacet
  facet normal  8.656149e-01  5.007103e-01  -0.000000e+00
    outer loop
      vertex  1.350000e+02  8.100000e+01  3.000000e-01
      vertex  1.350000e+02  8.100000e+01  1.400000e+00
      vertex  1.351174e+02  8.079712e+01  1.386032e+00
    endloop
  endfacet
  facet normal  8.656149e-01  5.007103e-01  0.000000e+00
    outer loop
      vertex  1.350000e+02  8.100000e+01  3.000000e-01
      vertex  1.351174e+02  8.079712e+01  1.386032e+00
      vertex  1.351174e+02  8.079712e+01  3.139684e-01
    endloop
  endfacet
  facet normal  8.386994e-01  5.445946e-01  -0.000000e+00
    outer loop
      vertex  1.351174e+02  8.079712e+01  3.139684e-01
      vertex  1.351174e+02  8.079712e+01  1.386032e+00
      vertex  1.351804e+02  8.070000e+01  1.366312e+00
    endloop
  endfacet
  facet normal  8.386994e-01  5.445946e-01  0.000000e+00
    outer loop
      vertex  1.351174e+02  8.079712e+01  3.139684e-01
      vertex  1.351804e+02  8.070000e+01  1.366312e+00
      vertex  1.351804e+02  8.070000e+01  3.336883e-01
    endloop
  endfacet
  facet normal  0.000000e+00  0.000000e+00  1.000000e+00
    outer loop
      vertex  1.334496e+02  8.120000e+01  2.600000e+00
      vertex  1.349016e+02  8.120000e+01  2.600000e+00
      vertex  1.347544e+02  8.158697e+01  2.600000e+00
    endloop
  endfacet
  facet normal  0.000000e+00  0.000000e+00  1.000000e+00
    outer loop
      vertex  1.334496e+02  8.120000e+01  2.600000e+00
      vertex  1.347544e+02  8.158697e+01  2.600000e+00
      vertex  1.346554e+02  8.198895e+01  2.600000e+00
    endloop
  endfacet
  facet normal  0.000000e+00  0.000000e+00  1.000000e+00
    outer loop
      vertex  1.334496e+02  8.120000e+01  2.600000e+00
      vertex  1.346554e+02  8.198895e+01  2.600000e+00
      vertex  1.346059e+02  8.240000e+01  2.600000e+00
    endloop
  endfacet
  facet normal  0.000000e+00  0.000000e+00  1.000000e+00
    outer loop
      vertex  1.334496e+02  8.120000e+01  2.600000e+00
      vertex  1.346059e+02  8.240000e+01  2.600000e+00
      vertex  1.331000e+02  8.240000e+01  2.600000e+00
    endloop
  endfacet
  facet normal  0.000000e+00  0.000000e+00  1.000000e+00
    outer loop
      vertex  1.334496e+02  8.120000e+01  2.600000e+00
      vertex  1.331000e+02  8.240000e+01  2.600000e+00
      vertex  1.331000e+02  7.601740e+01  2.600000e+00
    endloop
  endfacet
  facet normal  0.000000e+00  0.000000e+00  1.000000e+00
    outer loop
      vertex  1.334496e+02  8.120000e+01  2.600000e+00
      vertex  1.331000e+02  7.601740e+01  2.600000e+00
      vertex  1.334496e+02  7.800000e+01  2.600000e+00
    endloop
  endfacet
  facet normal  1.000000e+00  0.000000e+00  0.000000e+00
    outer loop
      vertex  1.331000e+02  8.240000e+01  2.600000e+00
      vertex  1.331000e+02  8.240000e+01  4.386082e+00
      vertex  1.331000e+02  8.140000e+01  4.386082e+00
    endloop
  endfacet
  facet normal  1.000000e+00  0.000000e+00  0.000000e+00
    outer loop
      vertex  1.331000e+02  8.240000e+01  2.600000e+00
      vertex  1.331000e+02  8.140000e+01  4.386082e+00
      vertex  1.331000e+02  8.070000e+01  5.600000e+00
    endloop
  endfacet
  facet normal  1.000000e+00  0.000000e+00  0.000000e+00
    outer loop
      vertex  1.331000e+02  8.240000e+01  2.600000e+00
      vertex  1.331000e+02  8.070000e+01  5.600000e+00
      vertex  1.331000e+02  7.601740e+01  5.600000e+00
    endloop
  endfacet
  facet normal  1.000000e+00  0.000000e+00  0.000000e+00
    outer loop
      vertex  1.331000e+02  8.240000e+01  2.600000e+00
      vertex  1.331000e+02  7.601740e+01  5.600000e+00
      vertex  1.331000e+02  7.601740e+01  2.600000e+00
    endloop
  endfacet
  facet normal  1.000000e+00  0.000000e+00  0.000000e+00
    outer loop
      vertex  1.331000e+02  8.140000e+01  4.386082e+00
      vertex  1.331000e+02  8.070000e+01  1.796592e+01
      vertex  1.331000e+02  8.070000e+01  5.600000e+00
    endloop
  endfacet
  facet normal  1.000000e+00  0.000000e+00  0.000000e+00
    outer loop
      vertex  1.331000e+02  8.070000e+01  1.796592e+01
      vertex  1.331000e+02  8.140000e+01  4.386082e+00
      vertex  1.331000e+02  8.120000e+01  2.244276e+01
    endloop
  endfacet
  facet normal  1.000000e+00  0.000000e+00  0.000000e+00
    outer loop
      vertex  1.331000e+02  8.120000e+01  2.244276e+01
      vertex  1.331000e+02  8.140000e+01  4.386082e+00
      vertex  1.331000e+02  8.140000e+01  1.713978e+01
    endloop
  endfacet
  facet normal  1.000000e+00  0.000000e+00  0.000000e+00
    outer loop
      vertex  1.331000e+02  8.120000e+01  2.244276e+01
      vertex  1.331000e+02  8.140000e+01  1.713978e+01
      vertex  1.331000e+02  8.120000e+01  2.386757e+01
    endloop
  endfacet
  facet normal  1.000000e+00  0.000000e+00  0.000000e+00
    outer loop
      vertex  1.331000e+02  8.120000e+01  2.386757e+01
      vertex  1.331000e+02  8.140000e+01  1.713978e+01
      vertex  1.331000e+02  8.240000e+01  1.713978e+01
    endloop
  endfacet
  facet normal  1.000000e+00  0.000000e+00  -0.000000e+00
    outer loop
      vertex  1.331000e+02  8.120000e+01  2.386757e+01
      vertex  1.331000e+02  8.240000e+01  1.713978e+01
      vertex  1.331000e+02  8.240000e+01  2.386757e+01
    endloop
  endfacet
  facet normal  1.000000e+00  0.000000e+00  0.000000e+00
    outer loop
      vertex  1.331000e+02  7.601740e+01  2.211633e+01
      vertex  1.331000e+02  7.601740e+01  1.796592e+01
      vertex  1.331000e+02  7.786864e+01  2.244276e+01
    endloop
  endfacet
  facet normal  9.999999e-01  0.000000e+00  0.000000e+00
    outer loop
      vertex  1.331000e+02  7.786864e+01  2.244276e+01
      vertex  1.331000e+02  7.601740e+01  1.796592e+01
      vertex  1.331000e+02  8.070000e+01  1.796592e+01
    endloop
  endfacet
  facet normal  1.000000e+00  0.000000e+00  -0.000000e+00
    outer loop
      vertex  1.331000e+02  7.786864e+01  2.244276e+01
      vertex  1.331000e+02  8.070000e+01  1.796592e+01
      vertex  1.331000e+02  8.120000e+01  2.244276e+01
    endloop
  endfacet
  facet normal  0.000000e+00  0.000000e+00 -1.000000e+00
    outer loop
      vertex  1.521497e+00  8.120000e+01 -1.200000e+00
      vertex  4.983867e-01  8.120000e+01 -1.200000e+00
      vertex  6.455758e-01  8.158697e+01 -1.200000e+00
    endloop
  endfacet
  facet normal  0.000000e+00  0.000000e+00 -1.000000e+00
    outer loop
      vertex  1.521497e+00  8.120000e+01 -1.200000e+00
      vertex  6.455758e-01  8.158697e+01 -1.200000e+00
      vertex  7.446407e-01  8.198895e+01 -1.200000e+00
    endloop
  endfacet
  facet normal  0.000000e+00  0.000000e+00 -1.000000e+00
    outer loop
      vertex  1.521497e+00  8.120000e+01 -1.200000e+00
      vertex  7.446407e-01  8.198895e+01 -1.200000e+00
      vertex  7.941126e-01  8.240000e+01 -1.200000e+00
    endloop
  endfacet
  facet normal  0.000000e+00  0.000000e+00 -1.000000e+00
    outer loop
      vertex  1.521497e+00  8.120000e+01 -1.200000e+00
      vertex  7.941126e-01  8.240000e+01 -1.200000e+00
      vertex  1.521497e+00  8.240000e+01 -1.200000e+00
    endloop
  endfacet
  facet normal  0.000000e+00 -1.000000e+00  0.000000e+00
    outer loop
      vertex  3.423952e+00  8.120000e+01 -2.411299e+00
      vertex  1.554163e+00  8.120000e+01 -2.552560e+00
      vertex  3.521497e+00  8.120000e+01 -2.420906e+00
    endloop
  endfacet
  facet normal  0.000000e+00 -1.000000e+00  0.000000e+00
    outer loop
      vertex  1.123136e+02  8.120000e+01 -3.920906e+00
      vertex  2.889844e+00  8.120000e+01 -3.888241e+00
      vertex  3.221498e+00  8.120000e+01 -3.920906e+00
    endloop
  endfacet
  facet normal  0.000000e+00 -1.000000e+00  -0.000000e+00
    outer loop
      vertex  1.322200e+02  8.120000e+01 -2.220906e+00
      vertex  1.322200e+02  8.120000e+01 -1.200000e+00
      vertex  1.306357e+02  8.120000e+01 -2.198691e+00
    endloop
  endfacet
  facet normal  0.000000e+00 -9.999999e-01  -0.000000e+00
    outer loop
      vertex  1.322200e+02  8.120000e+01 -2.220906e+00
      vertex  1.306357e+02  8.120000e+01 -2.198691e+00
      vertex  1.305736e+02  8.120000e+01 -2.274459e+00
    endloop
  endfacet
  facet normal  0.000000e+00 -1.000000e+00  -0.000000e+00
    outer loop
      vertex  1.322200e+02  8.120000e+01 -2.220906e+00
      vertex  1.305736e+02  8.120000e+01 -2.274459e+00
      vertex  1.304978e+02  8.120000e+01 -2.336641e+00
    endloop
  endfacet
  facet normal  0.000000e+00 -1.000000e+00  -0.000000e+00
    outer loop
      vertex  1.322200e+02  8.120000e+01 -2.220906e+00
      vertex  1.304978e+02  8.120000e+01 -2.336641e+00
      vertex  1.304113e+02  8.120000e+01 -2.382846e+00
    endloop
  endfacet
  facet normal  0.000000e+00 -1.000000e+00  -0.000000e+00
    outer loop
      vertex  1.322200e+02  8.120000e+01 -2.220906e+00
      vertex  1.304113e+02  8.120000e+01 -2.382846e+00
      vertex  1.303176e+02  8.120000e+01 -2.411299e+00
    endloop
  endfacet
  facet normal  0.000000e+00 -1.000000e+00  0.000000e+00
    outer loop
      vertex  1.521497e+00  8.120000e+01 -2.220906e+00
      vertex  1.554163e+00  8.120000e+01 -2.552560e+00
      vertex  3.423952e+00  8.120000e+01 -2.411299e+00
    endloop
  endfacet
  facet normal  0.000000e+00 -1.000000e+00  0.000000e+00
    outer loop
      vertex  1.521497e+00  8.120000e+01 -2.220906e+00
      vertex  3.423952e+00  8.120000e+01 -2.411299e+00
      vertex  3.330156e+00  8.120000e+01 -2.382846e+00
    endloop
  endfacet
  facet normal  0.000000e+00 -1.000000e+00  0.000000e+00
    outer loop
      vertex  1.521497e+00  8.120000e+01 -2.220906e+00
      vertex  3.330156e+00  8.120000e+01 -2.382846e+00
      vertex  3.243712e+00  8.120000e+01 -2.336641e+00
    endloop
  endfacet
  facet normal  0.000000e+00 -1.000000e+00  0.000000e+00
    outer loop
      vertex  1.521497e+00  8.120000e+01 -2.220906e+00
      vertex  3.243712e+00  8.120000e+01 -2.336641e+00
      vertex  3.167944e+00  8.120000e+01 -2.274459e+00
    endloop
  endfacet
  facet normal  0.000000e+00 -9.999999e-01  0.000000e+00
    outer loop
      vertex  1.521497e+00  8.120000e+01 -2.220906e+00
      vertex  3.167944e+00  8.120000e+01 -2.274459e+00
      vertex  3.105763e+00  8.120000e+01 -2.198691e+00
    endloop
  endfacet
  facet normal  0.000000e+00 -1.000000e+00  0.000000e+00
    outer loop
      vertex  1.521497e+00  8.120000e+01 -1.200000e+00
      vertex  1.521497e+00  8.120000e+01 -2.220906e+00
      vertex  3.105763e+00  8.120000e+01 -2.198691e+00
    endloop
  endfacet
  facet normal  0.000000e+00 -1.000000e+00  0.000000e+00
    outer loop
      vertex  1.521497e+00  8.120000e+01 -1.200000e+00
      vertex  3.105763e+00  8.120000e+01 -2.198691e+00
      vertex  3.059558e+00  8.120000e+01 -2.112248e+00
    endloop
  endfacet
  facet normal  0.000000e+00 -1.000000e+00  0.000000e+00
    outer loop
      vertex  1.521497e+00  8.120000e+01 -1.200000e+00
      vertex  3.059558e+00  8.120000e+01 -2.112248e+00
      vertex  3.031105e+00  8.120000e+01 -2.018451e+00
    endloop
  endfacet
  facet normal  0.000000e+00 -1.000000e+00  0.000000e+00
    outer loop
      vertex  1.521497e+00  8.120000e+01 -1.200000e+00
      vertex  3.031105e+00  8.120000e+01 -2.018451e+00
      vertex  3.021497e+00  8.120000e+01 -1.920906e+00
    endloop
  endfacet
  facet normal  0.000000e+00 -1.000000e+00  0.000000e+00
    outer loop
      vertex  1.521497e+00  8.120000e+01 -1.200000e+00
      vertex  3.021497e+00  8.120000e+01 -1.920906e+00
      vertex  3.021497e+00  8.120000e+01  3.000000e-01
    endloop
  endfacet
  facet normal  -0.000000e+00 -1.000000e+00  0.000000e+00
    outer loop
      vertex  1.521497e+00  8.120000e+01 -1.200000e+00
      vertex  3.021497e+00  8.120000e+01  3.000000e-01
      vertex  4.983867e-01  8.120000e+01  3.000000e-01
    endloop
  endfacet
  facet normal  0.000000e+00 -1.000000e+00  0.000000e+00
    outer loop
      vertex  1.521497e+00  8.120000e+01 -1.200000e+00
      vertex  4.983867e-01  8.120000e+01  3.000000e-01
      vertex  4.983867e-01  8.120000e+01 -1.200000e+00
    endloop
  endfacet
  facet normal  0.000000e+00 -1.000000e+00  0.000000e+00
    outer loop
      vertex  1.321873e+02  8.120000e+01 -2.552560e+00
      vertex  1.322200e+02  8.120000e+01 -2.220906e+00
      vertex  1.303176e+02  8.120000e+01 -2.411299e+00
    endloop
  endfacet
  facet normal  0.000000e+00 -1.000000e+00  -0.000000e+00
    outer loop
      vertex  1.321873e+02  8.120000e+01 -2.552560e+00
      vertex  1.303176e+02  8.120000e+01 -2.411299e+00
      vertex  1.302200e+02  8.120000e+01 -2.420906e+00
    endloop
  endfacet
  facet normal  -0.000000e+00 -1.000000e+00  -0.000000e+00
    outer loop
      vertex  1.321873e+02  8.120000e+01 -2.552560e+00
      vertex  1.302200e+02  8.120000e+01 -2.420906e+00
      vertex  3.521497e+00  8.120000e+01 -2.420906e+00
    endloop
  endfacet
  facet normal  0.000000e+00 -1.000000e+00  -0.000000e+00
    outer loop
      vertex  1.321873e+02  8.120000e+01 -2.552560e+00
      vertex  3.521497e+00  8.120000e+01 -2.420906e+00
      vertex  1.554163e+00  8.120000e+01 -2.552560e+00
    endloop
  endfacet
  facet normal  0.000000e+00 -9.999999e-01  0.000000e+00
    outer loop
      vertex  1.321873e+02  8.120000e+01 -2.552560e+00
      vertex  1.554163e+00  8.120000e+01 -2.552560e+00
      vertex  1.650902e+00  8.120000e+01 -2.871468e+00
    endloop
  endfacet
  facet normal  0.000000e+00 -9.999999e-01  0.000000e+00
    outer loop
      vertex  1.321873e+02  8.120000e+01 -2.552560e+00
      vertex  1.650902e+00  8.120000e+01 -2.871468e+00
      vertex  1.320906e+02  8.120000e+01 -2.871468e+00
    endloop
  endfacet
  facet normal  0.000000e+00 -1.000000e+00  0.000000e+00
    outer loop
      vertex  1.322200e+02  8.120000e+01 -1.200000e+00
      vertex  1.349016e+02  8.120000e+01 -1.200000e+00
      vertex  1.349016e+02  8.120000e+01  3.000000e-01
    endloop
  endfacet
  facet normal  -0.000000e+00 -1.000000e+00  0.000000e+00
    outer loop
      vertex  1.322200e+02  8.120000e+01 -1.200000e+00
      vertex  1.349016e+02  8.120000e+01  3.000000e-01
      vertex  1.307200e+02  8.120000e+01  3.000000e-01
    endloop
  endfacet
  facet normal  0.000000e+00 -1.000000e+00  0.000000e+00
    outer loop
      vertex  1.322200e+02  8.120000e+01 -1.200000e+00
      vertex  1.307200e+02  8.120000e+01  3.000000e-01
      vertex  1.307200e+02  8.120000e+01 -1.920906e+00
    endloop
  endfacet
  facet normal  0.000000e+00 -1.000000e+00  -0.000000e+00
    outer loop
      vertex  1.322200e+02  8.120000e+01 -1.200000e+00
      vertex  1.307200e+02  8.120000e+01 -1.920906e+00
      vertex  1.307104e+02  8.120000e+01 -2.018451e+00
    endloop
  endfacet
  facet normal  0.000000e+00 -9.999999e-01  -0.000000e+00
    outer loop
      vertex  1.322200e+02  8.120000e+01 -1.200000e+00
      vertex  1.307104e+02  8.120000e+01 -2.018451e+00
      vertex  1.306819e+02  8.120000e+01 -2.112248e+00
    endloop
  endfacet
  facet normal  0.000000e+00 -1.000000e+00  -0.000000e+00
    outer loop
      vertex  1.322200e+02  8.120000e+01 -1.200000e+00
      vertex  1.306819e+02  8.120000e+01 -2.112248e+00
      vertex  1.306357e+02  8.120000e+01 -2.198691e+00
    endloop
  endfacet
  facet normal  -0.000000e+00 -1.000000e+00  0.000000e+00
    outer loop
      vertex  2.277028e+00  8.120000e+01 -3.634404e+00
      vertex  1.317221e+02  8.120000e+01 -3.422987e+00
      vertex  2.019416e+00  8.120000e+01 -3.422987e+00
    endloop
  endfacet
  facet normal  0.000000e+00 -1.000000e+00  0.000000e+00
    outer loop
      vertex  2.019416e+00  8.120000e+01 -3.422987e+00
      vertex  1.317221e+02  8.120000e+01 -3.422987e+00
      vertex  1.319335e+02  8.120000e+01 -3.165375e+00
    endloop
  endfacet
  facet normal  -0.000000e+00 -1.000000e+00  0.000000e+00
    outer loop
      vertex  2.019416e+00  8.120000e+01 -3.422987e+00
      vertex  1.319335e+02  8.120000e+01 -3.165375e+00
      vertex  1.807999e+00  8.120000e+01 -3.165375e+00
    endloop
  endfacet
  facet normal  0.000000e+00 -1.000000e+00  0.000000e+00
    outer loop
      vertex  1.807999e+00  8.120000e+01 -3.165375e+00
      vertex  1.319335e+02  8.120000e+01 -3.165375e+00
      vertex  1.320906e+02  8.120000e+01 -2.871468e+00
    endloop
  endfacet
  facet normal  -0.000000e+00 -1.000000e+00  0.000000e+00
    outer loop
      vertex  1.807999e+00  8.120000e+01 -3.165375e+00
      vertex  1.320906e+02  8.120000e+01 -2.871468e+00
      vertex  1.650902e+00  8.120000e+01 -2.871468e+00
    endloop
  endfacet
  facet normal  0.000000e+00 -1.000000e+00  0.000000e+00
    outer loop
      vertex  1.317221e+02  8.120000e+01 -3.422987e+00
      vertex  2.277028e+00  8.120000e+01 -3.634404e+00
      vertex  1.314645e+02  8.120000e+01 -3.634404e+00
    endloop
  endfacet
  facet normal  -0.000000e+00 -1.000000e+00  0.000000e+00
    outer loop
      vertex  1.314645e+02  8.120000e+01 -3.634404e+00
      vertex  2.277028e+00  8.120000e+01 -3.634404e+00
      vertex  2.570936e+00  8.120000e+01 -3.791501e+00
    endloop
  endfacet
  facet normal  0.000000e+00 -1.000000e+00  0.000000e+00
    outer loop
      vertex  1.314645e+02  8.120000e+01 -3.634404e+00
      vertex  2.570936e+00  8.120000e+01 -3.791501e+00
      vertex  1.311706e+02  8.120000e+01 -3.791501e+00
    endloop
  endfacet
  facet normal  -0.000000e+00 -9.999999e-01  0.000000e+00
    outer loop
      vertex  1.311706e+02  8.120000e+01 -3.791501e+00
      vertex  2.570936e+00  8.120000e+01 -3.791501e+00
      vertex  2.889844e+00  8.120000e+01 -3.888241e+00
    endloop
  endfacet
  facet normal  0.000000e+00 -1.000000e+00  0.000000e+00
    outer loop
      vertex  1.311706e+02  8.120000e+01 -3.791501e+00
      vertex  2.889844e+00  8.120000e+01 -3.888241e+00
      vertex  1.308517e+02  8.120000e+01 -3.888241e+00
    endloop
  endfacet
  facet normal  -0.000000e+00 -1.000000e+00  0.000000e+00
    outer loop
      vertex  1.308517e+02  8.120000e+01 -3.888241e+00
      vertex  2.889844e+00  8.120000e+01 -3.888241e+00
      vertex  1.123136e+02  8.120000e+01 -3.920906e+00
    endloop
  endfacet
  facet normal  0.000000e+00 -1.000000e+00  0.000000e+00
    outer loop
      vertex  1.308517e+02  8.120000e+01 -3.888241e+00
      vertex  1.123136e+02  8.120000e+01 -3.920906e+00
      vertex  1.305200e+02  8.120000e+01 -3.920906e+00
    endloop
  endfacet
  facet normal  0.000000e+00  0.000000e+00 -9.999999e-01
    outer loop
      vertex  4.000000e-01  8.100000e+01  3.000000e-01
      vertex  4.983867e-01  8.120000e+01  3.000000e-01
      vertex  4.000000e-01  8.070000e+01  3.000000e-01
    endloop
  endfacet
  facet normal  0.000000e+00  0.000000e+00 -1.000000e+00
    outer loop
      vertex  4.000000e-01  8.070000e+01  3.000000e-01
      vertex  4.983867e-01  8.120000e+01  3.000000e-01
      vertex  3.021497e+00  8.120000e+01  3.000000e-01
    endloop
  endfacet
  facet normal  0.000000e+00  -0.000000e+00 -1.000000e+00
    outer loop
      vertex  4.000000e-01  8.070000e+01  3.000000e-01
      vertex  3.021497e+00  8.120000e+01  3.000000e-01
      vertex  3.021497e+00  8.070000e+01  3.000000e-01
    endloop
  endfacet
  facet normal -1.470832e-01  1.699157e-02 -9.889781e-01
    outer loop
      vertex  4.000000e-01  8.100000e+01  3.000000e-01
      vertex  3.082282e-01  8.070000e+01  3.084942e-01
      vertex  2.826396e-01  8.079712e+01  3.139684e-01
    endloop
  endfacet
  facet normal -9.216385e-02  0.000000e+00 -9.957439e-01
    outer loop
      vertex  4.000000e-01  8.100000e+01  3.000000e-01
      vertex  4.000000e-01  8.070000e+01  3.000000e-01
      vertex  3.082282e-01  8.070000e+01  3.084942e-01
    endloop
  endfacet
  facet normal -2.733177e-01 -1.780131e-02 -9.617592e-01
    outer loop
      vertex  2.195744e-01  8.070000e+01  3.336883e-01
      vertex  2.826396e-01  8.079712e+01  3.139684e-01
      vertex  3.082282e-01  8.070000e+01  3.084942e-01
    endloop
  endfacet
  facet normal  0.000000e+00 -1.000000e+00  0.000000e+00
    outer loop
      vertex  3.423952e+00  8.070000e+01 -2.411299e+00
      vertex  3.521497e+00  8.070000e+01 -2.420906e+00
      vertex  1.302200e+02  8.070000e+01 -2.420906e+00
    endloop
  endfacet
  facet normal  -0.000000e+00 -1.000000e+00  -0.000000e+00
    outer loop
      vertex  1.014108e+02  8.070000e+01  2.515410e+01
      vertex  1.013132e+02  8.070000e+01  2.516370e+01
      vertex  1.246844e+01  8.070000e+01  2.516370e+01
    endloop
  endfacet
  facet normal  0.000000e+00 -9.999999e-01  0.000000e+00
    outer loop
      vertex  1.331000e+02  8.070000e+01  1.796592e+01
      vertex  1.112429e+01  8.070000e+01  6.100000e+00
      vertex  1.331000e+02  8.070000e+01  5.600000e+00
    endloop
  endfacet
  facet normal  0.000000e+00 -1.000000e+00  0.000000e+00
    outer loop
      vertex  1.196844e+01  8.070000e+01  1.860118e+01
      vertex  1.112429e+01  8.070000e+01  1.860118e+01
      vertex  1.298209e+02  8.070000e+01  1.796592e+01
    endloop
  endfacet
  facet normal  0.000000e+00 -1.000000e+00  0.000000e+00
    outer loop
      vertex  1.196844e+01  8.070000e+01  1.860118e+01
      vertex  1.298209e+02  8.070000e+01  1.796592e+01
      vertex  1.298209e+02  8.070000e+01  2.246592e+01
    endloop
  endfacet
  facet normal  -0.000000e+00 -9.999999e-01  0.000000e+00
    outer loop
      vertex  1.196844e+01  8.070000e+01  1.860118e+01
      vertex  1.298209e+02  8.070000e+01  2.246592e+01
      vertex  1.293209e+02  8.070000e+01  2.246592e+01
    endloop
  endfacet
  facet normal  -0.000000e+00 -1.000000e+00  0.000000e+00
    outer loop
      vertex  1.196844e+01  8.070000e+01  1.860118e+01
      vertex  1.293209e+02  8.070000e+01  2.246592e+01
      vertex  1.072305e+02  8.070000e+01  2.246592e+01
    endloop
  endfacet
  facet normal  -0.000000e+00 -1.000000e+00  0.000000e+00
    outer loop
      vertex  1.196844e+01  8.070000e+01  1.860118e+01
      vertex  1.072305e+02  8.070000e+01  2.246592e+01
      vertex  1.018132e+02  8.070000e+01  2.246592e+01
    endloop
  endfacet
  facet normal  -0.000000e+00 -9.999999e-01  0.000000e+00
    outer loop
      vertex  1.196844e+01  8.070000e+01  1.860118e+01
      vertex  1.018132e+02  8.070000e+01  2.246592e+01
      vertex  1.018132e+02  8.070000e+01  2.466370e+01
    endloop
  endfacet
  facet normal  -0.000000e+00 -9.999999e-01  0.000000e+00
    outer loop
      vertex  1.196844e+01  8.070000e+01  1.860118e+01
      vertex  1.018132e+02  8.070000e+01  2.466370e+01
      vertex  1.196844e+01  8.070000e+01  2.466370e+01
    endloop
  endfacet
  facet normal  0.000000e+00 -1.000000e+00  0.000000e+00
    outer loop
      vertex  1.112429e+01  8.070000e+01  1.560118e+01
      vertex  2.437163e+00  8.070000e+01  1.560118e+01
      vertex  2.437163e+00  8.070000e+01  6.100000e+00
    endloop
  endfacet
  facet normal  0.000000e+00 -1.000000e+00  0.000000e+00
    outer loop
      vertex  1.112429e+01  8.070000e+01  1.560118e+01
      vertex  2.437163e+00  8.070000e+01  6.100000e+00
      vertex  1.112429e+01  8.070000e+01  6.100000e+00
    endloop
  endfacet
  facet normal  0.000000e+00 -9.999999e-01  0.000000e+00
    outer loop
      vertex  1.112429e+01  8.070000e+01  1.560118e+01
      vertex  1.112429e+01  8.070000e+01  6.100000e+00
      vertex  1.331000e+02  8.070000e+01  1.796592e+01
    endloop
  endfacet
  facet normal  -0.000000e+00 -1.000000e+00  0.000000e+00
    outer loop
      vertex  1.112429e+01  8.070000e+01  1.560118e+01
      vertex  1.331000e+02  8.070000e+01  1.796592e+01
      vertex  1.298209e+02  8.070000e+01  1.796592e+01
    endloop
  endfacet
  facet normal  -0.000000e+00 -1.000000e+00  0.000000e+00
    outer loop
      vertex  1.112429e+01  8.070000e+01  1.560118e+01
      vertex  1.298209e+02  8.070000e+01  1.796592e+01
      vertex  1.112429e+01  8.070000e+01  1.860118e+01
    endloop
  endfacet
  facet normal  0.000000e+00 -1.000000e+00  -0.000000e+00
    outer loop
      vertex  1.331496e+02  8.070000e+01  1.400000e+00
      vertex  1.331496e+02  8.070000e+01  1.641742e+00
      vertex  1.330850e+02  8.070000e+01  1.618698e+00
    endloop
  endfacet
  facet normal  0.000000e+00 -1.000000e+00  -0.000000e+00
    outer loop
      vertex  1.331496e+02  8.070000e+01  1.400000e+00
      vertex  1.330850e+02  8.070000e+01  1.618698e+00
      vertex  1.330180e+02  8.070000e+01  1.604697e+00
    endloop
  endfacet
  facet normal  0.000000e+00 -1.000000e+00  -0.000000e+00
    outer loop
      vertex  1.331496e+02  8.070000e+01  1.400000e+00
      vertex  1.330180e+02  8.070000e+01  1.604697e+00
      vertex  1.329496e+02  8.070000e+01  1.600000e+00
    endloop
  endfacet
  facet normal  -0.000000e+00 -1.000000e+00  -0.000000e+00
    outer loop
      vertex  1.274496e+02  8.070000e+01  1.600000e+00
      vertex  1.112429e+01  8.070000e+01  2.100000e+00
      vertex  2.637163e+00  8.070000e+01  2.100000e+00
    endloop
  endfacet
  facet normal  0.000000e+00 -1.000000e+00  -0.000000e+00
    outer loop
      vertex  1.274496e+02  8.070000e+01  1.600000e+00
      vertex  2.637163e+00  8.070000e+01  2.100000e+00
      vertex  2.437163e+00  8.070000e+01  1.400000e+00
    endloop
  endfacet
  facet normal  0.000000e+00 -1.000000e+00  0.000000e+00
    outer loop
      vertex  1.274496e+02  8.070000e+01  1.600000e+00
      vertex  2.437163e+00  8.070000e+01  1.400000e+00
      vertex  1.331496e+02  8.070000e+01  1.400000e+00
    endloop
  endfacet
  facet normal  0.000000e+00 -1.000000e+00  0.000000e+00
    outer loop
      vertex  1.274496e+02  8.070000e+01  1.600000e+00
      vertex  1.331496e+02  8.070000e+01  1.400000e+00
      vertex  1.329496e+02  8.070000e+01  1.600000e+00
    endloop
  endfacet
  facet normal  0.000000e+00 -1.000000e+00  0.000000e+00
    outer loop
      vertex  1.274496e+02  8.070000e+01  5.600000e+00
      vertex  1.331000e+02  8.070000e+01  5.600000e+00
      vertex  1.112429e+01  8.070000e+01  6.100000e+00
    endloop
  endfacet
  facet normal  0.000000e+00 -1.000000e+00  0.000000e+00
    outer loop
      vertex  1.274496e+02  8.070000e+01  5.600000e+00
      vertex  1.112429e+01  8.070000e+01  6.100000e+00
      vertex  1.112429e+01  8.070000e+01  2.100000e+00
    endloop
  endfacet
  facet normal  0.000000e+00 -9.999999e-01  0.000000e+00
    outer loop
      vertex  1.274496e+02  8.070000e+01  5.600000e+00
      vertex  1.112429e+01  8.070000e+01  2.100000e+00
      vertex  1.274496e+02  8.070000e+01  1.600000e+00
    endloop
  endfacet
  facet normal  -0.000000e+00 -1.000000e+00  0.000000e+00
    outer loop
      vertex  2.437163e+00  8.070000e+01  1.400000e+00
      vertex  2.637163e+00  8.070000e+01  2.100000e+00
      vertex  2.568792e+00  8.070000e+01  2.104697e+00
    endloop
  endfacet
  facet normal  -0.000000e+00 -1.000000e+00  0.000000e+00
    outer loop
      vertex  2.437163e+00  8.070000e+01  1.400000e+00
      vertex  2.568792e+00  8.070000e+01  2.104697e+00
      vertex  2.501705e+00  8.070000e+01  2.118699e+00
    endloop
  endfacet
  facet normal  -0.000000e+00 -1.000000e+00  0.000000e+00
    outer loop
      vertex  2.437163e+00  8.070000e+01  1.400000e+00
      vertex  2.501705e+00  8.070000e+01  2.118699e+00
      vertex  2.437163e+00  8.070000e+01  2.141742e+00
    endloop
  endfacet
  facet normal  0.000000e+00 -1.000000e+00  0.000000e+00
    outer loop
      vertex  3.082282e-01  8.070000e+01  3.084942e-01
      vertex  4.000000e-01  8.070000e+01  3.000000e-01
      vertex  3.021497e+00  8.070000e+01  3.000000e-01
    endloop
  endfacet
  facet normal  0.000000e+00 -1.000000e+00  0.000000e+00
    outer loop
      vertex  3.082282e-01  8.070000e+01  3.084942e-01
      vertex  3.021497e+00  8.070000e+01  3.000000e-01
      vertex  1.307200e+02  8.070000e+01  3.000000e-01
    endloop
  endfacet
  facet normal  0.000000e+00 -1.000000e+00  0.000000e+00
    outer loop
      vertex  3.082282e-01  8.070000e+01  3.084942e-01
      vertex  1.307200e+02  8.070000e+01  3.000000e-01
      vertex  1.350000e+02  8.070000e+01  3.000000e-01
    endloop
  endfacet
  facet normal  0.000000e+00 -1.000000e+00  0.000000e+00
    outer loop
      vertex  3.082282e-01  8.070000e+01  3.084942e-01
      vertex  1.350000e+02  8.070000e+01  3.000000e-01
      vertex  1.350918e+02  8.070000e+01  3.084942e-01
    endloop
  endfacet
  facet normal  0.000000e+00 -9.999999e-01  0.000000e+00
    outer loop
      vertex  3.082282e-01  8.070000e+01  3.084942e-01
      vertex  1.350918e+02  8.070000e+01  3.084942e-01
      vertex  1.351804e+02  8.070000e+01  3.336883e-01
    endloop
  endfacet
  facet normal  -0.000000e+00 -1.000000e+00  0.000000e+00
    outer loop
      vertex  3.082282e-01  8.070000e+01  3.084942e-01
      vertex  1.351804e+02  8.070000e+01  3.336883e-01
      vertex  2.195744e-01  8.070000e+01  3.336883e-01
    endloop
  endfacet
  facet normal  -0.000000e+00 -1.000000e+00  -0.000000e+00
    outer loop
      vertex  1.350918e+02  8.070000e+01  1.391506e+00
      vertex  1.350000e+02  8.070000e+01  1.400000e+00
      vertex  1.331496e+02  8.070000e+01  1.400000e+00
    endloop
  endfacet
  facet normal  -0.000000e+00 -1.000000e+00  -0.000000e+00
    outer loop
      vertex  1.350918e+02  8.070000e+01  1.391506e+00
      vertex  1.331496e+02  8.070000e+01  1.400000e+00
      vertex  2.437163e+00  8.070000e+01  1.400000e+00
    endloop
  endfacet
  facet normal  -0.000000e+00 -1.000000e+00  -0.000000e+00
    outer loop
      vertex  1.350918e+02  8.070000e+01  1.391506e+00
      vertex  2.437163e+00  8.070000e+01  1.400000e+00
      vertex  4.000000e-01  8.070000e+01  1.400000e+00
    endloop
  endfacet
  facet normal  0.000000e+00 -1.000000e+00  -0.000000e+00
    outer loop
      vertex  1.350918e+02  8.070000e+01  1.391506e+00
      vertex  4.000000e-01  8.070000e+01  1.400000e+00
      vertex  3.082282e-01  8.070000e+01  1.391506e+00
    endloop
  endfacet
  facet normal  0.000000e+00 -1.000000e+00  -0.000000e+00
    outer loop
      vertex  1.350918e+02  8.070000e+01  1.391506e+00
      vertex  3.082282e-01  8.070000e+01  1.391506e+00
      vertex  2.195744e-01  8.070000e+01  1.366312e+00
    endloop
  endfacet
  facet normal  0.000000e+00 -1.000000e+00  0.000000e+00
    outer loop
      vertex  1.350918e+02  8.070000e+01  1.391506e+00
      vertex  2.195744e-01  8.070000e+01  1.366312e+00
      vertex  1.351804e+02  8.070000e+01  1.366312e+00
    endloop
  endfacet
  facet normal  -0.000000e+00 -1.000000e+00  0.000000e+00
    outer loop
      vertex  1.302200e+02  8.070000e+01 -2.420906e+00
      vertex  1.303176e+02  8.070000e+01 -2.411299e+00
      vertex  3.423952e+00  8.070000e+01 -2.411299e+00
    endloop
  endfacet
  facet normal  0.000000e+00 -1.000000e+00  0.000000e+00
    outer loop
      vertex  3.423952e+00  8.070000e+01 -2.411299e+00
      vertex  1.303176e+02  8.070000e+01 -2.411299e+00
      vertex  1.304113e+02  8.070000e+01 -2.382846e+00
    endloop
  endfacet
  facet normal  -0.000000e+00 -1.000000e+00  0.000000e+00
    outer loop
      vertex  3.423952e+00  8.070000e+01 -2.411299e+00
      vertex  1.304113e+02  8.070000e+01 -2.382846e+00
      vertex  3.330156e+00  8.070000e+01 -2.382846e+00
    endloop
  endfacet
  facet normal  0.000000e+00 -9.999999e-01  0.000000e+00
    outer loop
      vertex  3.330156e+00  8.070000e+01 -2.382846e+00
      vertex  1.304113e+02  8.070000e+01 -2.382846e+00
      vertex  1.304978e+02  8.070000e+01 -2.336641e+00
    endloop
  endfacet
  facet normal  -0.000000e+00 -1.000000e+00  0.000000e+00
    outer loop
      vertex  3.330156e+00  8.070000e+01 -2.382846e+00
      vertex  1.304978e+02  8.070000e+01 -2.336641e+00
      vertex  3.243712e+00  8.070000e+01 -2.336641e+00
    endloop
  endfacet
  facet normal  0.000000e+00 -1.000000e+00  0.000000e+00
    outer loop
      vertex  3.243712e+00  8.070000e+01 -2.336641e+00
      vertex  1.304978e+02  8.070000e+01 -2.336641e+00
      vertex  1.305736e+02  8.070000e+01 -2.274459e+00
    endloop
  endfacet
  facet normal  -0.000000e+00 -1.000000e+00  0.000000e+00
    outer loop
      vertex  3.243712e+00  8.070000e+01 -2.336641e+00
      vertex  1.305736e+02  8.070000e+01 -2.274459e+00
      vertex  3.167944e+00  8.070000e+01 -2.274459e+00
    endloop
  endfacet
  facet normal  0.000000e+00 -1.000000e+00  0.000000e+00
    outer loop
      vertex  3.167944e+00  8.070000e+01 -2.274459e+00
      vertex  1.305736e+02  8.070000e+01 -2.274459e+00
      vertex  1.306357e+02  8.070000e+01 -2.198691e+00
    endloop
  endfacet
  facet normal  -0.000000e+00 -1.000000e+00  0.000000e+00
    outer loop
      vertex  3.167944e+00  8.070000e+01 -2.274459e+00
      vertex  1.306357e+02  8.070000e+01 -2.198691e+00
      vertex  3.105763e+00  8.070000e+01 -2.198691e+00
    endloop
  endfacet
  facet normal  0.000000e+00 -1.000000e+00  0.000000e+00
    outer loop
      vertex  3.105763e+00  8.070000e+01 -2.198691e+00
      vertex  1.306357e+02  8.070000e+01 -2.198691e+00
      vertex  1.306819e+02  8.070000e+01 -2.112248e+00
    endloop
  endfacet
  facet normal  -0.000000e+00 -1.000000e+00  0.000000e+00
    outer loop
      vertex  3.105763e+00  8.070000e+01 -2.198691e+00
      vertex  1.306819e+02  8.070000e+01 -2.112248e+00
      vertex  3.059558e+00  8.070000e+01 -2.112248e+00
    endloop
  endfacet
  facet normal  0.000000e+00 -1.000000e+00  0.000000e+00
    outer loop
      vertex  3.059558e+00  8.070000e+01 -2.112248e+00
      vertex  1.306819e+02  8.070000e+01 -2.112248e+00
      vertex  1.307104e+02  8.070000e+01 -2.018451e+00
    endloop
  endfacet
  facet normal  -0.000000e+00 -1.000000e+00  0.000000e+00
    outer loop
      vertex  3.059558e+00  8.070000e+01 -2.112248e+00
      vertex  1.307104e+02  8.070000e+01 -2.018451e+00
      vertex  3.031105e+00  8.070000e+01 -2.018451e+00
    endloop
  endfacet
  facet normal  0.000000e+00 -9.999999e-01  0.000000e+00
    outer loop
      vertex  3.031105e+00  8.070000e+01 -2.018451e+00
      vertex  1.307104e+02  8.070000e+01 -2.018451e+00
      vertex  1.307200e+02  8.070000e+01 -1.920906e+00
    endloop
  endfacet
  facet normal  -0.000000e+00 -1.000000e+00  0.000000e+00
    outer loop
      vertex  3.031105e+00  8.070000e+01 -2.018451e+00
      vertex  1.307200e+02  8.070000e+01 -1.920906e+00
      vertex  3.021497e+00  8.070000e+01 -1.920906e+00
    endloop
  endfacet
  facet normal  0.000000e+00 -1.000000e+00  0.000000e+00
    outer loop
      vertex  3.021497e+00  8.070000e+01 -1.920906e+00
      vertex  1.307200e+02  8.070000e+01 -1.920906e+00
      vertex  1.307200e+02  8.070000e+01  3.000000e-01
    endloop
  endfacet
  facet normal  -0.000000e+00 -1.000000e+00  0.000000e+00
    outer loop
      vertex  3.021497e+00  8.070000e+01 -1.920906e+00
      vertex  1.307200e+02  8.070000e+01  3.000000e-01
      vertex  3.021497e+00  8.070000e+01  3.000000e-01
    endloop
  endfacet
  facet normal  0.000000e+00 -1.000000e+00  0.000000e+00
    outer loop
      vertex  2.195744e-01  8.070000e+01  1.366312e+00
      vertex  2.195744e-01  8.070000e+01  3.336883e-01
      vertex  1.351804e+02  8.070000e+01  1.366312e+00
    endloop
  endfacet
  facet normal  0.000000e+00 -1.000000e+00  -0.000000e+00
    outer loop
      vertex  1.351804e+02  8.070000e+01  1.366312e+00
      vertex  2.195744e-01  8.070000e+01  3.336883e-01
      vertex  1.351804e+02  8.070000e+01  3.336883e-01
    endloop
  endfacet
  facet normal  0.000000e+00 -1.000000e+00  0.000000e+00
    outer loop
      vertex  1.246844e+01  8.070000e+01  2.516370e+01
      vertex  1.237089e+01  8.070000e+01  2.515410e+01
      vertex  1.014108e+02  8.070000e+01  2.515410e+01
    endloop
  endfacet
  facet normal  -0.000000e+00 -1.000000e+00  0.000000e+00
    outer loop
      vertex  1.014108e+02  8.070000e+01  2.515410e+01
      vertex  1.237089e+01  8.070000e+01  2.515410e+01
      vertex  1.227710e+01  8.070000e+01  2.512564e+01
    endloop
  endfacet
  facet normal  0.000000e+00 -1.000000e+00  0.000000e+00
    outer loop
      vertex  1.014108e+02  8.070000e+01  2.515410e+01
      vertex  1.227710e+01  8.070000e+01  2.512564e+01
      vertex  1.015046e+02  8.070000e+01  2.512564e+01
    endloop
  endfacet
  facet normal  -0.000000e+00 -1.000000e+00  0.000000e+00
    outer loop
      vertex  1.015046e+02  8.070000e+01  2.512564e+01
      vertex  1.227710e+01  8.070000e+01  2.512564e+01
      vertex  1.219065e+01  8.070000e+01  2.507944e+01
    endloop
  endfacet
  facet normal  0.000000e+00 -1.000000e+00  0.000000e+00
    outer loop
      vertex  1.015046e+02  8.070000e+01  2.512564e+01
      vertex  1.219065e+01  8.070000e+01  2.507944e+01
      vertex  1.015910e+02  8.070000e+01  2.507944e+01
    endloop
  endfacet
  facet normal  -0.000000e+00 -1.000000e+00  0.000000e+00
    outer loop
      vertex  1.015910e+02  8.070000e+01  2.507944e+01
      vertex  1.219065e+01  8.070000e+01  2.507944e+01
      vertex  1.211489e+01  8.070000e+01  2.501726e+01
    endloop
  endfacet
  facet normal  0.000000e+00 -1.000000e+00  0.000000e+00
    outer loop
      vertex  1.015910e+02  8.070000e+01  2.507944e+01
      vertex  1.211489e+01  8.070000e+01  2.501726e+01
      vertex  1.016668e+02  8.070000e+01  2.501726e+01
    endloop
  endfacet
  facet normal  -0.000000e+00 -1.000000e+00  0.000000e+00
    outer loop
      vertex  1.016668e+02  8.070000e+01  2.501726e+01
      vertex  1.211489e+01  8.070000e+01  2.501726e+01
      vertex  1.205270e+01  8.070000e+01  2.494149e+01
    endloop
  endfacet
  facet normal  0.000000e+00 -1.000000e+00  0.000000e+00
    outer loop
      vertex  1.016668e+02  8.070000e+01  2.501726e+01
      vertex  1.205270e+01  8.070000e+01  2.494149e+01
      vertex  1.017290e+02  8.070000e+01  2.494149e+01
    endloop
  endfacet
  facet normal  -0.000000e+00 -1.000000e+00  0.000000e+00
    outer loop
      vertex  1.017290e+02  8.070000e+01  2.494149e+01
      vertex  1.205270e+01  8.070000e+01  2.494149e+01
      vertex  1.200650e+01  8.070000e+01  2.485505e+01
    endloop
  endfacet
  facet normal  0.000000e+00 -9.999999e-01  0.000000e+00
    outer loop
      vertex  1.017290e+02  8.070000e+01  2.494149e+01
      vertex  1.200650e+01  8.070000e+01  2.485505e+01
      vertex  1.017752e+02  8.070000e+01  2.485505e+01
    endloop
  endfacet
  facet normal  -0.000000e+00 -1.000000e+00  0.000000e+00
    outer loop
      vertex  1.017752e+02  8.070000e+01  2.485505e+01
      vertex  1.200650e+01  8.070000e+01  2.485505e+01
      vertex  1.197805e+01  8.070000e+01  2.476125e+01
    endloop
  endfacet
  facet normal  0.000000e+00 -1.000000e+00  0.000000e+00
    outer loop
      vertex  1.017752e+02  8.070000e+01  2.485505e+01
      vertex  1.197805e+01  8.070000e+01  2.476125e+01
      vertex  1.018036e+02  8.070000e+01  2.476125e+01
    endloop
  endfacet
  facet normal  -0.000000e+00 -1.000000e+00  0.000000e+00
    outer loop
      vertex  1.018036e+02  8.070000e+01  2.476125e+01
      vertex  1.197805e+01  8.070000e+01  2.476125e+01
      vertex  1.196844e+01  8.070000e+01  2.466370e+01
    endloop
  endfacet
  facet normal  0.000000e+00 -1.000000e+00  0.000000e+00
    outer loop
      vertex  1.018036e+02  8.070000e+01  2.476125e+01
      vertex  1.196844e+01  8.070000e+01  2.466370e+01
      vertex  1.018132e+02  8.070000e+01  2.466370e+01
    endloop
  endfacet
  facet normal  0.000000e+00 -1.000000e+00  0.000000e+00
    outer loop
      vertex  1.072305e+02  8.070000e+01  2.396592e+01
      vertex  1.072305e+02  8.070000e+01  2.246592e+01
      vertex  1.293209e+02  8.070000e+01  2.396592e+01
    endloop
  endfacet
  facet normal  0.000000e+00 -1.000000e+00  -0.000000e+00
    outer loop
      vertex  1.293209e+02  8.070000e+01  2.396592e+01
      vertex  1.072305e+02  8.070000e+01  2.246592e+01
      vertex  1.293209e+02  8.070000e+01  2.246592e+01
    endloop
  endfacet
  facet normal -9.216448e-02  0.000000e+00  9.957438e-01
    outer loop
      vertex  4.000000e-01  8.100000e+01  1.400000e+00
      vertex  3.082282e-01  8.070000e+01  1.391506e+00
      vertex  4.000000e-01  8.070000e+01  1.400000e+00
    endloop
  endfacet
  facet normal -1.470830e-01  1.699131e-02  9.889782e-01
    outer loop
      vertex  4.000000e-01  8.100000e+01  1.400000e+00
      vertex  2.826396e-01  8.079712e+01  1.386032e+00
      vertex  3.082282e-01  8.070000e+01  1.391506e+00
    endloop
  endfacet
  facet normal -2.733174e-01 -1.780152e-02  9.617592e-01
    outer loop
      vertex  2.195744e-01  8.070000e+01  1.366312e+00
      vertex  3.082282e-01  8.070000e+01  1.391506e+00
      vertex  2.826396e-01  8.079712e+01  1.386032e+00
    endloop
  endfacet
  facet normal  0.000000e+00  0.000000e+00  1.000000e+00
    outer loop
      vertex  2.437163e+00  8.070000e+01  1.400000e+00
      vertex  2.437163e+00  8.120000e+01  1.400000e+00
      vertex  4.000000e-01  8.070000e+01  1.400000e+00
    endloop
  endfacet
  facet normal  0.000000e+00  0.000000e+00  1.000000e+00
    outer loop
      vertex  4.000000e-01  8.070000e+01  1.400000e+00
      vertex  2.437163e+00  8.120000e+01  1.400000e+00
      vertex  4.983867e-01  8.120000e+01  1.400000e+00
    endloop
  endfacet
  facet normal  0.000000e+00  0.000000e+00  9.999999e-01
    outer loop
      vertex  4.000000e-01  8.070000e+01  1.400000e+00
      vertex  4.983867e-01  8.120000e+01  1.400000e+00
      vertex  4.000000e-01  8.100000e+01  1.400000e+00
    endloop
  endfacet
  facet normal -9.999999e-01  0.000000e+00  0.000000e+00
    outer loop
      vertex  2.437163e+00  8.070000e+01  1.400000e+00
      vertex  2.437163e+00  8.070000e+01  2.141742e+00
      vertex  2.437163e+00  8.120000e+01  1.400000e+00
    endloop
  endfacet
  facet normal -9.999999e-01  0.000000e+00  0.000000e+00
    outer loop
      vertex  2.437163e+00  8.120000e+01  1.400000e+00
      vertex  2.437163e+00  8.070000e+01  2.141742e+00
      vertex  2.437163e+00  8.120000e+01  2.141742e+00
    endloop
  endfacet
  facet normal -1.929750e-01  5.225696e-04 -9.812036e-01
    outer loop
      vertex  2.501705e+00  8.070000e+01  2.118699e+00
      vertex  2.553631e+00  7.796015e+01  2.107027e+00
      vertex  2.528443e+00  7.793214e+01  2.111966e+00
    endloop
  endfacet
  facet normal -2.326203e-01  1.185836e-04 -9.725676e-01
    outer loop
      vertex  2.501705e+00  8.070000e+01  2.118699e+00
      vertex  2.528443e+00  7.793214e+01  2.111966e+00
      vertex  2.513493e+00  7.791187e+01  2.115539e+00
    endloop
  endfacet
  facet normal -3.362476e-01 -3.544170e-04 -9.417736e-01
    outer loop
      vertex  2.437163e+00  8.070000e+01  2.141742e+00
      vertex  2.501705e+00  8.070000e+01  2.118699e+00
      vertex  2.513493e+00  7.791187e+01  2.115539e+00
    endloop
  endfacet
  facet normal -2.759418e-01  1.478874e-03 -9.611733e-01
    outer loop
      vertex  2.437163e+00  8.070000e+01  2.141742e+00
      vertex  2.513493e+00  7.791187e+01  2.115539e+00
      vertex  2.487083e+00  7.786925e+01  2.123056e+00
    endloop
  endfacet
  facet normal -3.251337e-01  5.090282e-04 -9.456679e-01
    outer loop
      vertex  2.437163e+00  8.070000e+01  2.141742e+00
      vertex  2.487083e+00  7.786925e+01  2.123056e+00
      vertex  2.463150e+00  7.782272e+01  2.131259e+00
    endloop
  endfacet
  facet normal -3.883895e-01 -1.503635e-04 -9.214953e-01
    outer loop
      vertex  2.437163e+00  8.070000e+01  2.141742e+00
      vertex  2.463150e+00  7.782272e+01  2.131259e+00
      vertex  2.422823e+00  7.772623e+01  2.148272e+00
    endloop
  endfacet
  facet normal -4.143843e-01  0.000000e+00 -9.101020e-01
    outer loop
      vertex  2.437163e+00  8.070000e+01  2.141742e+00
      vertex  2.422823e+00  7.772623e+01  2.148272e+00
      vertex  2.437163e+00  8.120000e+01  2.141742e+00
    endloop
  endfacet
  facet normal -8.205820e-01 -3.302392e-04 -5.715288e-01
    outer loop
      vertex  2.250012e+00  7.736000e+01  2.283592e+00
      vertex  2.206697e+00  7.760565e+01  2.345640e+00
      vertex  2.218833e+00  8.120000e+01  2.326139e+00
    endloop
  endfacet
  facet normal -7.799278e-01  6.019491e-04 -6.258692e-01
    outer loop
      vertex  2.250012e+00  7.736000e+01  2.283592e+00
      vertex  2.218833e+00  8.120000e+01  2.326139e+00
      vertex  2.279202e+00  8.120000e+01  2.250910e+00
    endloop
  endfacet
  facet normal -7.418041e-01 -6.868851e-05 -6.706167e-01
    outer loop
      vertex  2.250012e+00  7.736000e+01  2.283592e+00
      vertex  2.279202e+00  8.120000e+01  2.250910e+00
      vertex  2.283610e+00  7.716946e+01  2.246447e+00
    endloop
  endfacet
  facet normal -6.853465e-02  -0.000000e+00 -9.976488e-01
    outer loop
      vertex  2.568792e+00  8.070000e+01  2.104697e+00
      vertex  2.637163e+00  8.070000e+01  2.100000e+00
      vertex  2.637163e+00  7.800000e+01  2.100000e+00
    endloop
  endfacet
  facet normal -7.042100e-03  1.561204e-03 -9.999740e-01
    outer loop
      vertex  2.568792e+00  8.070000e+01  2.104697e+00
      vertex  2.637163e+00  7.800000e+01  2.100000e+00
      vertex  2.626609e+00  7.799958e+01  2.100074e+00
    endloop
  endfacet
  facet normal -2.584445e-02  1.158110e-03 -9.996653e-01
    outer loop
      vertex  2.568792e+00  8.070000e+01  2.104697e+00
      vertex  2.626609e+00  7.799958e+01  2.100074e+00
      vertex  2.621346e+00  7.799882e+01  2.100209e+00
    endloop
  endfacet
  facet normal -4.240240e-02  8.350213e-04 -9.991003e-01
    outer loop
      vertex  2.568792e+00  8.070000e+01  2.104697e+00
      vertex  2.621346e+00  7.799882e+01  2.100209e+00
      vertex  2.613551e+00  7.799695e+01  2.100538e+00
    endloop
  endfacet
  facet normal -6.043543e-02  5.349892e-04 -9.981719e-01
    outer loop
      vertex  2.568792e+00  8.070000e+01  2.104697e+00
      vertex  2.613551e+00  7.799695e+01  2.100538e+00
      vertex  2.602270e+00  7.799309e+01  2.101219e+00
    endloop
  endfacet
  facet normal -8.759457e-02  1.965006e-04 -9.961562e-01
    outer loop
      vertex  2.568792e+00  8.070000e+01  2.104697e+00
      vertex  2.602270e+00  7.799309e+01  2.101219e+00
      vertex  2.584662e+00  7.798431e+01  2.102766e+00
    endloop
  endfacet
  facet normal -1.160763e-01  2.798334e-05 -9.932403e-01
    outer loop
      vertex  2.568792e+00  8.070000e+01  2.104697e+00
      vertex  2.584662e+00  7.798431e+01  2.102766e+00
      vertex  2.573662e+00  7.797703e+01  2.104051e+00
    endloop
  endfacet
  facet normal -1.469423e-01 -2.819341e-05 -9.891450e-01
    outer loop
      vertex  2.568792e+00  8.070000e+01  2.104697e+00
      vertex  2.573662e+00  7.797703e+01  2.104051e+00
      vertex  2.553631e+00  7.796015e+01  2.107027e+00
    endloop
  endfacet
  facet normal -2.043102e-01  2.979574e-04 -9.789062e-01
    outer loop
      vertex  2.568792e+00  8.070000e+01  2.104697e+00
      vertex  2.553631e+00  7.796015e+01  2.107027e+00
      vertex  2.501705e+00  8.070000e+01  2.118699e+00
    endloop
  endfacet
  facet normal -9.582953e-01  3.710670e-04 -2.857794e-01
    outer loop
      vertex  2.146467e+00  8.120000e+01  2.503993e+00
      vertex  2.174032e+00  8.120000e+01  2.411560e+00
      vertex  2.168422e+00  7.782272e+01  2.425987e+00
    endloop
  endfacet
  facet normal -9.451352e-01  1.401228e-03 -3.266762e-01
    outer loop
      vertex  2.146467e+00  8.120000e+01  2.503993e+00
      vertex  2.168422e+00  7.782272e+01  2.425987e+00
      vertex  2.160219e+00  7.786925e+01  2.449919e+00
    endloop
  endfacet
  facet normal -9.615963e-01  4.856763e-04 -2.744678e-01
    outer loop
      vertex  2.146467e+00  8.120000e+01  2.503993e+00
      vertex  2.160219e+00  7.786925e+01  2.449919e+00
      vertex  2.152702e+00  7.791187e+01  2.476329e+00
    endloop
  endfacet
  facet normal -9.725693e-01  1.127289e-04 -2.326128e-01
    outer loop
      vertex  2.146467e+00  8.120000e+01  2.503993e+00
      vertex  2.152702e+00  7.791187e+01  2.476329e+00
      vertex  2.149129e+00  7.793214e+01  2.491280e+00
    endloop
  endfacet
  facet normal -9.813247e-01 -5.100834e-05 -1.923589e-01
    outer loop
      vertex  2.146467e+00  8.120000e+01  2.503993e+00
      vertex  2.149129e+00  7.793214e+01  2.491280e+00
      vertex  2.144190e+00  7.796015e+01  2.516468e+00
    endloop
  endfacet
  facet normal -9.891258e-01  1.288491e-04 -1.470717e-01
    outer loop
      vertex  2.146467e+00  8.120000e+01  2.503993e+00
      vertex  2.144190e+00  7.796015e+01  2.516468e+00
      vertex  2.141214e+00  7.797703e+01  2.536499e+00
    endloop
  endfacet
  facet normal -9.932108e-01  4.455782e-04 -1.163279e-01
    outer loop
      vertex  2.146467e+00  8.120000e+01  2.503993e+00
      vertex  2.141214e+00  7.797703e+01  2.536499e+00
      vertex  2.139929e+00  7.798431e+01  2.547499e+00
    endloop
  endfacet
  facet normal -9.961280e-01  8.359724e-04 -8.791071e-02
    outer loop
      vertex  2.146467e+00  8.120000e+01  2.503993e+00
      vertex  2.139929e+00  7.798431e+01  2.547499e+00
      vertex  2.138382e+00  7.799309e+01  2.565107e+00
    endloop
  endfacet
  facet normal -9.981542e-01  1.359322e-03 -6.071645e-02
    outer loop
      vertex  2.146467e+00  8.120000e+01  2.503993e+00
      vertex  2.138382e+00  7.799309e+01  2.565107e+00
      vertex  2.137701e+00  7.799695e+01  2.576388e+00
    endloop
  endfacet
  facet normal -9.990895e-01  1.770721e-03 -4.262763e-02
    outer loop
      vertex  2.146467e+00  8.120000e+01  2.503993e+00
      vertex  2.137701e+00  7.799695e+01  2.576388e+00
      vertex  2.137372e+00  7.799882e+01  2.584183e+00
    endloop
  endfacet
  facet normal -9.996586e-01  2.187915e-03 -2.603766e-02
    outer loop
      vertex  2.146467e+00  8.120000e+01  2.503993e+00
      vertex  2.137372e+00  7.799882e+01  2.584183e+00
      vertex  2.137237e+00  7.799958e+01  2.589446e+00
    endloop
  endfacet
  facet normal -9.999714e-01  2.695403e-03 -7.064746e-03
    outer loop
      vertex  2.146467e+00  8.120000e+01  2.503993e+00
      vertex  2.137237e+00  7.799958e+01  2.589446e+00
      vertex  2.137163e+00  7.800000e+01  2.600000e+00
    endloop
  endfacet
  facet normal -9.953372e-01  0.000000e+00 -9.645612e-02
    outer loop
      vertex  2.146467e+00  8.120000e+01  2.503993e+00
      vertex  2.137163e+00  7.800000e+01  2.600000e+00
      vertex  2.137163e+00  8.120000e+01  2.600000e+00
    endloop
  endfacet
  facet normal -4.865392e-01  3.663523e-04 -8.736587e-01
    outer loop
      vertex  2.437163e+00  8.120000e+01  2.141742e+00
      vertex  2.422823e+00  7.772623e+01  2.148272e+00
      vertex  2.352893e+00  8.120000e+01  2.188672e+00
    endloop
  endfacet
  facet normal -4.710152e-01  7.773280e-04 -8.821247e-01
    outer loop
      vertex  2.352893e+00  8.120000e+01  2.188672e+00
      vertex  2.422823e+00  7.772623e+01  2.148272e+00
      vertex  2.382803e+00  7.760565e+01  2.169534e+00
    endloop
  endfacet
  facet normal -5.713829e-01 -3.850072e-04 -8.206835e-01
    outer loop
      vertex  2.352893e+00  8.120000e+01  2.188672e+00
      vertex  2.382803e+00  7.760565e+01  2.169534e+00
      vertex  2.320755e+00  7.736000e+01  2.212849e+00
    endloop
  endfacet
  facet normal -6.710535e-01  8.707301e-05 -7.414089e-01
    outer loop
      vertex  2.283610e+00  7.716946e+01  2.246447e+00
      vertex  2.279202e+00  8.120000e+01  2.250910e+00
      vertex  2.320755e+00  7.736000e+01  2.212849e+00
    endloop
  endfacet
  facet normal -6.452391e-01  5.901312e-04 -7.639806e-01
    outer loop
      vertex  2.320755e+00  7.736000e+01  2.212849e+00
      vertex  2.279202e+00  8.120000e+01  2.250910e+00
      vertex  2.352893e+00  8.120000e+01  2.188672e+00
    endloop
  endfacet
  facet normal -8.855895e-01  4.700998e-04 -4.644685e-01
    outer loop
      vertex  2.218833e+00  8.120000e+01  2.326139e+00
      vertex  2.206697e+00  7.760565e+01  2.345640e+00
      vertex  2.174032e+00  8.120000e+01  2.411560e+00
    endloop
  endfacet
  facet normal -8.823346e-01  6.125372e-04 -4.706222e-01
    outer loop
      vertex  2.174032e+00  8.120000e+01  2.411560e+00
      vertex  2.206697e+00  7.760565e+01  2.345640e+00
      vertex  2.185435e+00  7.772623e+01  2.385660e+00
    endloop
  endfacet
  facet normal -9.214740e-01 -1.286579e-04 -3.884402e-01
    outer loop
      vertex  2.174032e+00  8.120000e+01  2.411560e+00
      vertex  2.185435e+00  7.772623e+01  2.385660e+00
      vertex  2.168422e+00  7.782272e+01  2.425987e+00
    endloop
  endfacet
  facet normal  8.749029e-06 -1.736468e-01 -9.848081e-01
    outer loop
      vertex  2.666144e+00  7.500000e+01  2.628981e+00
      vertex  2.283610e+00  7.716946e+01  2.246447e+00
      vertex  2.320755e+00  7.736000e+01  2.212849e+00
    endloop
  endfacet
  facet normal -2.220768e-07 -1.736481e-01 -9.848078e-01
    outer loop
      vertex  2.666144e+00  7.500000e+01  2.628981e+00
      vertex  2.320755e+00  7.736000e+01  2.212849e+00
      vertex  2.382803e+00  7.760565e+01  2.169534e+00
    endloop
  endfacet
  facet normal -1.733048e-05 -1.736499e-01 -9.848074e-01
    outer loop
      vertex  2.666144e+00  7.500000e+01  2.628981e+00
      vertex  2.382803e+00  7.760565e+01  2.169534e+00
      vertex  2.422823e+00  7.772623e+01  2.148272e+00
    endloop
  endfacet
  facet normal  2.076078e-05 -1.736466e-01 -9.848080e-01
    outer loop
      vertex  2.666144e+00  7.500000e+01  2.628981e+00
      vertex  2.422823e+00  7.772623e+01  2.148272e+00
      vertex  2.463150e+00  7.782272e+01  2.131259e+00
    endloop
  endfacet
  facet normal  6.146351e-06 -1.736476e-01 -9.848078e-01
    outer loop
      vertex  2.666144e+00  7.500000e+01  2.628981e+00
      vertex  2.463150e+00  7.782272e+01  2.131259e+00
      vertex  2.487083e+00  7.786925e+01  2.123056e+00
    endloop
  endfacet
  facet normal -1.286543e-05 -1.736488e-01 -9.848076e-01
    outer loop
      vertex  2.666144e+00  7.500000e+01  2.628981e+00
      vertex  2.487083e+00  7.786925e+01  2.123056e+00
      vertex  2.513493e+00  7.791187e+01  2.115539e+00
    endloop
  endfacet
  facet normal -2.380109e-05 -1.736493e-01 -9.848075e-01
    outer loop
      vertex  2.666144e+00  7.500000e+01  2.628981e+00
      vertex  2.513493e+00  7.791187e+01  2.115539e+00
      vertex  2.528443e+00  7.793214e+01  2.111966e+00
    endloop
  endfacet
  facet normal  3.662215e-05 -1.736466e-01 -9.848081e-01
    outer loop
      vertex  2.666144e+00  7.500000e+01  2.628981e+00
      vertex  2.528443e+00  7.793214e+01  2.111966e+00
      vertex  2.553631e+00  7.796015e+01  2.107027e+00
    endloop
  endfacet
  facet normal -2.146294e-05 -1.736487e-01 -9.848077e-01
    outer loop
      vertex  2.666144e+00  7.500000e+01  2.628981e+00
      vertex  2.553631e+00  7.796015e+01  2.107027e+00
      vertex  2.573662e+00  7.797703e+01  2.104051e+00
    endloop
  endfacet
  facet normal -5.126374e-05 -1.736496e-01 -9.848075e-01
    outer loop
      vertex  2.666144e+00  7.500000e+01  2.628981e+00
      vertex  2.573662e+00  7.797703e+01  2.104051e+00
      vertex  2.584662e+00  7.798431e+01  2.102766e+00
    endloop
  endfacet
  facet normal  2.415024e-05 -1.736476e-01 -9.848078e-01
    outer loop
      vertex  2.666144e+00  7.500000e+01  2.628981e+00
      vertex  2.584662e+00  7.798431e+01  2.102766e+00
      vertex  2.602270e+00  7.799309e+01  2.101219e+00
    endloop
  endfacet
  facet normal -1.889754e-05 -1.736485e-01 -9.848078e-01
    outer loop
      vertex  2.666144e+00  7.500000e+01  2.628981e+00
      vertex  2.602270e+00  7.799309e+01  2.101219e+00
      vertex  2.613551e+00  7.799695e+01  2.100538e+00
    endloop
  endfacet
  facet normal  4.210230e-05 -1.736474e-01 -9.848078e-01
    outer loop
      vertex  2.666144e+00  7.500000e+01  2.628981e+00
      vertex  2.613551e+00  7.799695e+01  2.100538e+00
      vertex  2.621346e+00  7.799882e+01  2.100209e+00
    endloop
  endfacet
  facet normal -1.225945e-04 -1.736498e-01 -9.848074e-01
    outer loop
      vertex  2.666144e+00  7.500000e+01  2.628981e+00
      vertex  2.621346e+00  7.799882e+01  2.100209e+00
      vertex  2.626609e+00  7.799958e+01  2.100074e+00
    endloop
  endfacet
  facet normal  2.969856e-05 -1.736479e-01 -9.848077e-01
    outer loop
      vertex  2.666144e+00  7.500000e+01  2.628981e+00
      vertex  2.626609e+00  7.799958e+01  2.100074e+00
      vertex  2.637163e+00  7.800000e+01  2.100000e+00
    endloop
  endfacet
  facet normal  0.000000e+00 -1.736482e-01 -9.848078e-01
    outer loop
      vertex  2.666144e+00  7.500000e+01  2.628981e+00
      vertex  2.637163e+00  7.800000e+01  2.100000e+00
      vertex  1.112429e+01  7.800000e+01  2.100000e+00
    endloop
  endfacet
  facet normal  0.000000e+00 -1.736482e-01 -9.848078e-01
    outer loop
      vertex  2.666144e+00  7.500000e+01  2.628981e+00
      vertex  1.112429e+01  7.800000e+01  2.100000e+00
      vertex  1.112429e+01  7.500000e+01  2.628981e+00
    endloop
  endfacet
  facet normal  0.000000e+00 -1.000000e+00  -0.000000e+00
    outer loop
      vertex  1.112429e+01  7.500000e+01  2.628981e+00
      vertex  1.112429e+01  7.500000e+01  6.100000e+00
      vertex  2.666144e+00  7.500000e+01  2.628981e+00
    endloop
  endfacet
  facet normal  0.000000e+00 -1.000000e+00  0.000000e+00
    outer loop
      vertex  2.666144e+00  7.500000e+01  2.628981e+00
      vertex  1.112429e+01  7.500000e+01  6.100000e+00
      vertex  2.666144e+00  7.500000e+01  6.100000e+00
    endloop
  endfacet
  facet normal -8.691081e-02  0.000000e+00  9.962162e-01
    outer loop
      vertex  3.137163e+00  8.120000e+01  2.010118e+01
      vertex  3.137163e+00  8.240000e+01  2.010118e+01
      vertex  2.756200e+00  8.120000e+01  2.006795e+01
    endloop
  endfacet
  facet normal -8.691081e-02  0.000000e+00  9.962162e-01
    outer loop
      vertex  2.756200e+00  8.120000e+01  2.006795e+01
      vertex  3.137163e+00  8.240000e+01  2.010118e+01
      vertex  2.756200e+00  8.240000e+01  2.006795e+01
    endloop
  endfacet
  facet normal -2.581089e-01  0.000000e+00  9.661159e-01
    outer loop
      vertex  2.756200e+00  8.120000e+01  2.006795e+01
      vertex  2.756200e+00  8.240000e+01  2.006795e+01
      vertex  2.386748e+00  8.120000e+01  1.996924e+01
    endloop
  endfacet
  facet normal -2.581089e-01  0.000000e+00  9.661159e-01
    outer loop
      vertex  2.386748e+00  8.120000e+01  1.996924e+01
      vertex  2.756200e+00  8.240000e+01  2.006795e+01
      vertex  2.386748e+00  8.240000e+01  1.996924e+01
    endloop
  endfacet
  facet normal  0.000000e+00 -1.000000e+00  0.000000e+00
    outer loop
      vertex  3.137163e+00  8.120000e+01  2.010118e+01
      vertex  2.756200e+00  8.120000e+01  2.006795e+01
      vertex  1.046844e+01  8.120000e+01  2.010118e+01
    endloop
  endfacet
  facet normal  -0.000000e+00 -1.000000e+00  -0.000000e+00
    outer loop
      vertex  1.031805e+02  8.120000e+01  2.521615e+01
      vertex  1.030185e+02  8.120000e+01  2.556370e+01
      vertex  1.076318e+01  8.120000e+01  2.556370e+01
    endloop
  endfacet
  facet normal  0.000000e+00 -1.000000e+00  -0.000000e+00
    outer loop
      vertex  1.031805e+02  8.120000e+01  2.521615e+01
      vertex  1.076318e+01  8.120000e+01  2.556370e+01
      vertex  1.060112e+01  8.120000e+01  2.521615e+01
    endloop
  endfacet
  facet normal  0.000000e+00 -1.000000e+00  0.000000e+00
    outer loop
      vertex  1.031805e+02  8.120000e+01  2.521615e+01
      vertex  1.060112e+01  8.120000e+01  2.521615e+01
      vertex  1.246844e+01  8.120000e+01  2.516370e+01
    endloop
  endfacet
  facet normal  0.000000e+00 -1.000000e+00  0.000000e+00
    outer loop
      vertex  1.031805e+02  8.120000e+01  2.521615e+01
      vertex  1.246844e+01  8.120000e+01  2.516370e+01
      vertex  1.013132e+02  8.120000e+01  2.516370e+01
    endloop
  endfacet
  facet normal  0.000000e+00 -1.000000e+00  0.000000e+00
    outer loop
      vertex  1.031805e+02  8.120000e+01  2.521615e+01
      vertex  1.013132e+02  8.120000e+01  2.516370e+01
      vertex  1.014108e+02  8.120000e+01  2.515410e+01
    endloop
  endfacet
  facet normal  0.000000e+00 -1.000000e+00  0.000000e+00
    outer loop
      vertex  1.031805e+02  8.120000e+01  2.521615e+01
      vertex  1.014108e+02  8.120000e+01  2.515410e+01
      vertex  1.015046e+02  8.120000e+01  2.512564e+01
    endloop
  endfacet
  facet normal  0.000000e+00 -9.999999e-01  0.000000e+00
    outer loop
      vertex  1.031805e+02  8.120000e+01  2.521615e+01
      vertex  1.015046e+02  8.120000e+01  2.512564e+01
      vertex  1.015910e+02  8.120000e+01  2.507944e+01
    endloop
  endfacet
  facet normal  0.000000e+00 -1.000000e+00  0.000000e+00
    outer loop
      vertex  1.031805e+02  8.120000e+01  2.521615e+01
      vertex  1.015910e+02  8.120000e+01  2.507944e+01
      vertex  1.016668e+02  8.120000e+01  2.501726e+01
    endloop
  endfacet
  facet normal  0.000000e+00 -1.000000e+00  0.000000e+00
    outer loop
      vertex  1.031805e+02  8.120000e+01  2.521615e+01
      vertex  1.016668e+02  8.120000e+01  2.501726e+01
      vertex  1.017290e+02  8.120000e+01  2.494149e+01
    endloop
  endfacet
  facet normal  0.000000e+00 -1.000000e+00  0.000000e+00
    outer loop
      vertex  1.031805e+02  8.120000e+01  2.521615e+01
      vertex  1.017290e+02  8.120000e+01  2.494149e+01
      vertex  1.017752e+02  8.120000e+01  2.485505e+01
    endloop
  endfacet
  facet normal  0.000000e+00 -1.000000e+00  0.000000e+00
    outer loop
      vertex  1.031805e+02  8.120000e+01  2.521615e+01
      vertex  1.017752e+02  8.120000e+01  2.485505e+01
      vertex  1.032798e+02  8.120000e+01  2.484573e+01
    endloop
  endfacet
  facet normal  0.000000e+00 -1.000000e+00  0.000000e+00
    outer loop
      vertex  2.386748e+00  8.120000e+01  1.996924e+01
      vertex  2.386748e+00  8.120000e+01  1.853395e+01
      vertex  2.465853e+00  8.120000e+01  1.857092e+01
    endloop
  endfacet
  facet normal  0.000000e+00 -9.999999e-01  0.000000e+00
    outer loop
      vertex  2.386748e+00  8.120000e+01  1.996924e+01
      vertex  2.465853e+00  8.120000e+01  1.857092e+01
      vertex  2.550182e+00  8.120000e+01  1.859356e+01
    endloop
  endfacet
  facet normal  0.000000e+00 -1.000000e+00  0.000000e+00
    outer loop
      vertex  2.386748e+00  8.120000e+01  1.996924e+01
      vertex  2.550182e+00  8.120000e+01  1.859356e+01
      vertex  2.637163e+00  8.120000e+01  1.860118e+01
    endloop
  endfacet
  facet normal  0.000000e+00 -9.999999e-01  0.000000e+00
    outer loop
      vertex  2.386748e+00  8.120000e+01  1.996924e+01
      vertex  2.637163e+00  8.120000e+01  1.860118e+01
      vertex  1.196844e+01  8.120000e+01  1.860118e+01
    endloop
  endfacet
  facet normal  0.000000e+00 -1.000000e+00  0.000000e+00
    outer loop
      vertex  2.386748e+00  8.120000e+01  1.996924e+01
      vertex  1.196844e+01  8.120000e+01  1.860118e+01
      vertex  1.046844e+01  8.120000e+01  2.010118e+01
    endloop
  endfacet
  facet normal  0.000000e+00 -1.000000e+00  0.000000e+00
    outer loop
      vertex  2.386748e+00  8.120000e+01  1.996924e+01
      vertex  1.046844e+01  8.120000e+01  2.010118e+01
      vertex  2.756200e+00  8.120000e+01  2.006795e+01
    endloop
  endfacet
  facet normal  0.000000e+00 -1.000000e+00  0.000000e+00
    outer loop
      vertex  1.060112e+01  8.120000e+01  2.521615e+01
      vertex  1.050186e+01  8.120000e+01  2.484573e+01
      vertex  1.200650e+01  8.120000e+01  2.485505e+01
    endloop
  endfacet
  facet normal  0.000000e+00 -1.000000e+00  0.000000e+00
    outer loop
      vertex  1.060112e+01  8.120000e+01  2.521615e+01
      vertex  1.200650e+01  8.120000e+01  2.485505e+01
      vertex  1.205270e+01  8.120000e+01  2.494149e+01
    endloop
  endfacet
  facet normal  0.000000e+00 -1.000000e+00  0.000000e+00
    outer loop
      vertex  1.060112e+01  8.120000e+01  2.521615e+01
      vertex  1.205270e+01  8.120000e+01  2.494149e+01
      vertex  1.211489e+01  8.120000e+01  2.501726e+01
    endloop
  endfacet
  facet normal  0.000000e+00 -1.000000e+00  0.000000e+00
    outer loop
      vertex  1.060112e+01  8.120000e+01  2.521615e+01
      vertex  1.211489e+01  8.120000e+01  2.501726e+01
      vertex  1.219065e+01  8.120000e+01  2.507944e+01
    endloop
  endfacet
  facet normal  0.000000e+00 -1.000000e+00  0.000000e+00
    outer loop
      vertex  1.060112e+01  8.120000e+01  2.521615e+01
      vertex  1.219065e+01  8.120000e+01  2.507944e+01
      vertex  1.227710e+01  8.120000e+01  2.512564e+01
    endloop
  endfacet
  facet normal  0.000000e+00 -9.999999e-01  0.000000e+00
    outer loop
      vertex  1.060112e+01  8.120000e+01  2.521615e+01
      vertex  1.227710e+01  8.120000e+01  2.512564e+01
      vertex  1.237089e+01  8.120000e+01  2.515410e+01
    endloop
  endfacet
  facet normal  0.000000e+00 -9.999999e-01  0.000000e+00
    outer loop
      vertex  1.060112e+01  8.120000e+01  2.521615e+01
      vertex  1.237089e+01  8.120000e+01  2.515410e+01
      vertex  1.246844e+01  8.120000e+01  2.516370e+01
    endloop
  endfacet
  facet normal  0.000000e+00 -1.000000e+00  0.000000e+00
    outer loop
      vertex  1.017752e+02  8.120000e+01  2.485505e+01
      vertex  1.018036e+02  8.120000e+01  2.476125e+01
      vertex  1.032798e+02  8.120000e+01  2.484573e+01
    endloop
  endfacet
  facet normal  0.000000e+00 -1.000000e+00  0.000000e+00
    outer loop
      vertex  1.032798e+02  8.120000e+01  2.484573e+01
      vertex  1.018036e+02  8.120000e+01  2.476125e+01
      vertex  1.018132e+02  8.120000e+01  2.466370e+01
    endloop
  endfacet
  facet normal  0.000000e+00 -1.000000e+00  0.000000e+00
    outer loop
      vertex  1.032798e+02  8.120000e+01  2.484573e+01
      vertex  1.018132e+02  8.120000e+01  2.466370e+01
      vertex  1.033132e+02  8.120000e+01  2.446370e+01
    endloop
  endfacet
  facet normal  -0.000000e+00 -1.000000e+00  0.000000e+00
    outer loop
      vertex  1.033132e+02  8.120000e+01  2.446370e+01
      vertex  1.018132e+02  8.120000e+01  2.466370e+01
      vertex  1.018132e+02  8.120000e+01  2.246592e+01
    endloop
  endfacet
  facet normal  0.000000e+00 -1.000000e+00  0.000000e+00
    outer loop
      vertex  1.033132e+02  8.120000e+01  2.446370e+01
      vertex  1.018132e+02  8.120000e+01  2.246592e+01
      vertex  1.033132e+02  8.120000e+01  2.396592e+01
    endloop
  endfacet
  facet normal  0.000000e+00 -1.000000e+00  -0.000000e+00
    outer loop
      vertex  1.033132e+02  8.120000e+01  2.396592e+01
      vertex  1.018132e+02  8.120000e+01  2.246592e+01
      vertex  1.072305e+02  8.120000e+01  2.246592e+01
    endloop
  endfacet
  facet normal  0.000000e+00 -1.000000e+00  0.000000e+00
    outer loop
      vertex  1.033132e+02  8.120000e+01  2.396592e+01
      vertex  1.072305e+02  8.120000e+01  2.246592e+01
      vertex  1.072305e+02  8.120000e+01  2.396592e+01
    endloop
  endfacet
  facet normal  0.000000e+00 -1.000000e+00  0.000000e+00
    outer loop
      vertex  1.022132e+02  8.120000e+01  2.636896e+01
      vertex  1.125431e+01  8.120000e+01  2.614900e+01
      vertex  1.025274e+02  8.120000e+01  2.614900e+01
    endloop
  endfacet
  facet normal  -0.000000e+00 -1.000000e+00  0.000000e+00
    outer loop
      vertex  1.025274e+02  8.120000e+01  2.614900e+01
      vertex  1.125431e+01  8.120000e+01  2.614900e+01
      vertex  1.098314e+01  8.120000e+01  2.587784e+01
    endloop
  endfacet
  facet normal  0.000000e+00 -1.000000e+00  0.000000e+00
    outer loop
      vertex  1.025274e+02  8.120000e+01  2.614900e+01
      vertex  1.098314e+01  8.120000e+01  2.587784e+01
      vertex  1.027985e+02  8.120000e+01  2.587784e+01
    endloop
  endfacet
  facet normal  -0.000000e+00 -1.000000e+00  0.000000e+00
    outer loop
      vertex  1.027985e+02  8.120000e+01  2.587784e+01
      vertex  1.098314e+01  8.120000e+01  2.587784e+01
      vertex  1.076318e+01  8.120000e+01  2.556370e+01
    endloop
  endfacet
  facet normal  0.000000e+00 -9.999999e-01  0.000000e+00
    outer loop
      vertex  1.027985e+02  8.120000e+01  2.587784e+01
      vertex  1.076318e+01  8.120000e+01  2.556370e+01
      vertex  1.030185e+02  8.120000e+01  2.556370e+01
    endloop
  endfacet
  facet normal  -0.000000e+00 -1.000000e+00  0.000000e+00
    outer loop
      vertex  1.125431e+01  8.120000e+01  2.614900e+01
      vertex  1.022132e+02  8.120000e+01  2.636896e+01
      vertex  1.156844e+01  8.120000e+01  2.636896e+01
    endloop
  endfacet
  facet normal  0.000000e+00 -9.999999e-01  0.000000e+00
    outer loop
      vertex  1.156844e+01  8.120000e+01  2.636896e+01
      vertex  1.022132e+02  8.120000e+01  2.636896e+01
      vertex  1.018657e+02  8.120000e+01  2.653103e+01
    endloop
  endfacet
  facet normal  -0.000000e+00 -9.999999e-01  0.000000e+00
    outer loop
      vertex  1.156844e+01  8.120000e+01  2.636896e+01
      vertex  1.018657e+02  8.120000e+01  2.653103e+01
      vertex  1.191600e+01  8.120000e+01  2.653103e+01
    endloop
  endfacet
  facet normal  0.000000e+00 -1.000000e+00  0.000000e+00
    outer loop
      vertex  1.191600e+01  8.120000e+01  2.653103e+01
      vertex  1.018657e+02  8.120000e+01  2.653103e+01
      vertex  1.014953e+02  8.120000e+01  2.663028e+01
    endloop
  endfacet
  facet normal  -0.000000e+00 -1.000000e+00  0.000000e+00
    outer loop
      vertex  1.191600e+01  8.120000e+01  2.653103e+01
      vertex  1.014953e+02  8.120000e+01  2.663028e+01
      vertex  1.228641e+01  8.120000e+01  2.663028e+01
    endloop
  endfacet
  facet normal  0.000000e+00 -1.000000e+00  0.000000e+00
    outer loop
      vertex  1.228641e+01  8.120000e+01  2.663028e+01
      vertex  1.014953e+02  8.120000e+01  2.663028e+01
      vertex  1.011132e+02  8.120000e+01  2.666370e+01
    endloop
  endfacet
  facet normal  -0.000000e+00 -1.000000e+00  0.000000e+00
    outer loop
      vertex  1.228641e+01  8.120000e+01  2.663028e+01
      vertex  1.011132e+02  8.120000e+01  2.666370e+01
      vertex  1.266844e+01  8.120000e+01  2.666370e+01
    endloop
  endfacet
  facet normal  0.000000e+00 -1.000000e+00  0.000000e+00
    outer loop
      vertex  1.200650e+01  8.120000e+01  2.485505e+01
      vertex  1.050186e+01  8.120000e+01  2.484573e+01
      vertex  1.197805e+01  8.120000e+01  2.476125e+01
    endloop
  endfacet
  facet normal  -0.000000e+00 -1.000000e+00  0.000000e+00
    outer loop
      vertex  1.197805e+01  8.120000e+01  2.476125e+01
      vertex  1.050186e+01  8.120000e+01  2.484573e+01
      vertex  1.046844e+01  8.120000e+01  2.446370e+01
    endloop
  endfacet
  facet normal  0.000000e+00 -1.000000e+00  0.000000e+00
    outer loop
      vertex  1.197805e+01  8.120000e+01  2.476125e+01
      vertex  1.046844e+01  8.120000e+01  2.446370e+01
      vertex  1.196844e+01  8.120000e+01  2.466370e+01
    endloop
  endfacet
  facet normal  0.000000e+00 -1.000000e+00  0.000000e+00
    outer loop
      vertex  1.196844e+01  8.120000e+01  2.466370e+01
      vertex  1.046844e+01  8.120000e+01  2.446370e+01
      vertex  1.046844e+01  8.120000e+01  2.010118e+01
    endloop
  endfacet
  facet normal  0.000000e+00 -1.000000e+00  0.000000e+00
    outer loop
      vertex  1.196844e+01  8.120000e+01  2.466370e+01
      vertex  1.046844e+01  8.120000e+01  2.010118e+01
      vertex  1.196844e+01  8.120000e+01  1.860118e+01
    endloop
  endfacet
  facet normal -2.592728e-01 -7.725501e-05  9.658042e-01
    outer loop
      vertex  2.550182e+00  8.120000e+01  1.859356e+01
      vertex  2.465853e+00  8.120000e+01  1.857092e+01
      vertex  2.463150e+00  7.782272e+01  1.856992e+01
    endloop
  endfacet
  facet normal -3.274303e-01  1.825616e-03  9.448736e-01
    outer loop
      vertex  2.550182e+00  8.120000e+01  1.859356e+01
      vertex  2.463150e+00  7.782272e+01  1.856992e+01
      vertex  2.487083e+00  7.786925e+01  1.857813e+01
    endloop
  endfacet
  facet normal -2.748749e-01  7.530556e-04  9.614797e-01
    outer loop
      vertex  2.550182e+00  8.120000e+01  1.859356e+01
      vertex  2.487083e+00  7.786925e+01  1.857813e+01
      vertex  2.513493e+00  7.791187e+01  1.858564e+01
    endloop
  endfacet
  facet normal -2.327382e-01  2.562745e-04  9.725394e-01
    outer loop
      vertex  2.550182e+00  8.120000e+01  1.859356e+01
      vertex  2.513493e+00  7.791187e+01  1.858564e+01
      vertex  2.528443e+00  7.793214e+01  1.858922e+01
    endloop
  endfacet
  facet normal -1.923628e-01 -2.398069e-05  9.813239e-01
    outer loop
      vertex  2.550182e+00  8.120000e+01  1.859356e+01
      vertex  2.528443e+00  7.793214e+01  1.858922e+01
      vertex  2.553631e+00  7.796015e+01  1.859415e+01
    endloop
  endfacet
  facet normal -1.470443e-01  2.570807e-05  9.891299e-01
    outer loop
      vertex  2.550182e+00  8.120000e+01  1.859356e+01
      vertex  2.553631e+00  7.796015e+01  1.859415e+01
      vertex  2.573662e+00  7.797703e+01  1.859713e+01
    endloop
  endfacet
  facet normal -1.162457e-01  2.546231e-04  9.932205e-01
    outer loop
      vertex  2.550182e+00  8.120000e+01  1.859356e+01
      vertex  2.573662e+00  7.797703e+01  1.859713e+01
      vertex  2.584662e+00  7.798431e+01  1.859842e+01
    endloop
  endfacet
  facet normal -8.768322e-02  5.653103e-04  9.961483e-01
    outer loop
      vertex  2.550182e+00  8.120000e+01  1.859356e+01
      vertex  2.584662e+00  7.798431e+01  1.859842e+01
      vertex  2.602270e+00  7.799309e+01  1.859996e+01
    endloop
  endfacet
  facet normal -6.076434e-02  1.006545e-03  9.981516e-01
    outer loop
      vertex  2.550182e+00  8.120000e+01  1.859356e+01
      vertex  2.602270e+00  7.799309e+01  1.859996e+01
      vertex  2.613551e+00  7.799695e+01  1.860065e+01
    endloop
  endfacet
  facet normal -4.237849e-02  1.372392e-03  9.991007e-01
    outer loop
      vertex  2.550182e+00  8.120000e+01  1.859356e+01
      vertex  2.613551e+00  7.799695e+01  1.860065e+01
      vertex  2.621346e+00  7.799882e+01  1.860097e+01
    endloop
  endfacet
  facet normal -2.597374e-02  1.738378e-03  9.996610e-01
    outer loop
      vertex  2.550182e+00  8.120000e+01  1.859356e+01
      vertex  2.621346e+00  7.799882e+01  1.860097e+01
      vertex  2.626609e+00  7.799958e+01  1.860111e+01
    endloop
  endfacet
  facet normal -7.134813e-03  2.188992e-03  9.999721e-01
    outer loop
      vertex  2.550182e+00  8.120000e+01  1.859356e+01
      vertex  2.626609e+00  7.799958e+01  1.860111e+01
      vertex  2.637163e+00  7.800000e+01  1.860118e+01
    endloop
  endfacet
  facet normal -8.733397e-02  0.000000e+00  9.961790e-01
    outer loop
      vertex  2.550182e+00  8.120000e+01  1.859356e+01
      vertex  2.637163e+00  7.800000e+01  1.860118e+01
      vertex  2.637163e+00  8.120000e+01  1.860118e+01
    endloop
  endfacet
  facet normal -4.233454e-01  1.972859e-07  9.059684e-01
    outer loop
      vertex  2.386748e+00  8.120000e+01  1.853395e+01
      vertex  2.386746e+00  7.761873e+01  1.853395e+01
      vertex  2.465853e+00  8.120000e+01  1.857092e+01
    endloop
  endfacet
  facet normal -4.679526e-01  1.214824e-03  8.837528e-01
    outer loop
      vertex  2.465853e+00  8.120000e+01  1.857092e+01
      vertex  2.386746e+00  7.761873e+01  1.853395e+01
      vertex  2.422823e+00  7.772623e+01  1.855291e+01
    endloop
  endfacet
  facet normal -3.887936e-01  3.949976e-05  9.213249e-01
    outer loop
      vertex  2.465853e+00  8.120000e+01  1.857092e+01
      vertex  2.422823e+00  7.772623e+01  1.855291e+01
      vertex  2.463150e+00  7.782272e+01  1.856992e+01
    endloop
  endfacet
  facet normal  0.000000e+00 -1.736486e-01  9.848077e-01
    outer loop
      vertex  2.666144e+00  7.500000e+01  1.807220e+01
      vertex  1.112429e+01  7.500000e+01  1.807220e+01
      vertex  1.112429e+01  7.800000e+01  1.860118e+01
    endloop
  endfacet
  facet normal  0.000000e+00 -1.736486e-01  9.848077e-01
    outer loop
      vertex  2.666144e+00  7.500000e+01  1.807220e+01
      vertex  1.112429e+01  7.800000e+01  1.860118e+01
      vertex  2.637163e+00  7.800000e+01  1.860118e+01
    endloop
  endfacet
  facet normal -3.699946e-05 -1.736489e-01  9.848076e-01
    outer loop
      vertex  2.666144e+00  7.500000e+01  1.807220e+01
      vertex  2.637163e+00  7.800000e+01  1.860118e+01
      vertex  2.626609e+00  7.799958e+01  1.860111e+01
    endloop
  endfacet
  facet normal -1.671004e-04 -1.736505e-01  9.848073e-01
    outer loop
      vertex  2.666144e+00  7.500000e+01  1.807220e+01
      vertex  2.626609e+00  7.799958e+01  1.860111e+01
      vertex  2.621346e+00  7.799882e+01  1.860097e+01
    endloop
  endfacet
  facet normal  1.921898e-04 -1.736454e-01  9.848082e-01
    outer loop
      vertex  2.666144e+00  7.500000e+01  1.807220e+01
      vertex  2.621346e+00  7.799882e+01  1.860097e+01
      vertex  2.613551e+00  7.799695e+01  1.860065e+01
    endloop
  endfacet
  facet normal -1.842559e-04 -1.736518e-01  9.848071e-01
    outer loop
      vertex  2.666144e+00  7.500000e+01  1.807220e+01
      vertex  2.613551e+00  7.799695e+01  1.860065e+01
      vertex  2.602270e+00  7.799309e+01  1.859996e+01
    endloop
  endfacet
  facet normal  1.164291e-04 -1.736455e-01  9.848081e-01
    outer loop
      vertex  2.666144e+00  7.500000e+01  1.807220e+01
      vertex  2.602270e+00  7.799309e+01  1.859996e+01
      vertex  2.584662e+00  7.798431e+01  1.859842e+01
    endloop
  endfacet
  facet normal -7.196956e-05 -1.736505e-01  9.848074e-01
    outer loop
      vertex  2.666144e+00  7.500000e+01  1.807220e+01
      vertex  2.584662e+00  7.798431e+01  1.859842e+01
      vertex  2.573662e+00  7.797703e+01  1.859713e+01
    endloop
  endfacet
  facet normal -7.832770e-05 -1.736507e-01  9.848073e-01
    outer loop
      vertex  2.666144e+00  7.500000e+01  1.807220e+01
      vertex  2.573662e+00  7.797703e+01  1.859713e+01
      vertex  2.553631e+00  7.796015e+01  1.859415e+01
    endloop
  endfacet
  facet normal  6.336589e-05 -1.736455e-01  9.848082e-01
    outer loop
      vertex  2.666144e+00  7.500000e+01  1.807220e+01
      vertex  2.553631e+00  7.796015e+01  1.859415e+01
      vertex  2.528443e+00  7.793214e+01  1.858922e+01
    endloop
  endfacet
  facet normal  3.548527e-05 -1.736468e-01  9.848080e-01
    outer loop
      vertex  2.666144e+00  7.500000e+01  1.807220e+01
      vertex  2.528443e+00  7.793214e+01  1.858922e+01
      vertex  2.513493e+00  7.791187e+01  1.858564e+01
    endloop
  endfacet
  facet normal -2.854586e-05 -1.736500e-01  9.848074e-01
    outer loop
      vertex  2.666144e+00  7.500000e+01  1.807220e+01
      vertex  2.513493e+00  7.791187e+01  1.858564e+01
      vertex  2.487083e+00  7.786925e+01  1.857813e+01
    endloop
  endfacet
  facet normal -2.024960e-06 -1.736484e-01  9.848077e-01
    outer loop
      vertex  2.666144e+00  7.500000e+01  1.807220e+01
      vertex  2.487083e+00  7.786925e+01  1.857813e+01
      vertex  2.463150e+00  7.782272e+01  1.856992e+01
    endloop
  endfacet
  facet normal  1.402384e-06 -1.736482e-01  9.848077e-01
    outer loop
      vertex  2.666144e+00  7.500000e+01  1.807220e+01
      vertex  2.463150e+00  7.782272e+01  1.856992e+01
      vertex  2.422823e+00  7.772623e+01  1.855291e+01
    endloop
  endfacet
  facet normal  2.062508e-05 -1.736465e-01  9.848080e-01
    outer loop
      vertex  2.666144e+00  7.500000e+01  1.807220e+01
      vertex  2.422823e+00  7.772623e+01  1.855291e+01
      vertex  2.386746e+00  7.761873e+01  1.853395e+01
    endloop
  endfacet
  facet normal -7.008610e-06 -1.736494e-01  9.848076e-01
    outer loop
      vertex  2.666144e+00  7.500000e+01  1.807220e+01
      vertex  2.386746e+00  7.761873e+01  1.853395e+01
      vertex  2.386748e+00  7.658453e+01  1.835160e+01
    endloop
  endfacet
  facet normal -9.848077e-01 -1.736482e-01  -0.000000e+00
    outer loop
      vertex  2.666144e+00  7.500000e+01  1.560118e+01
      vertex  2.666144e+00  7.500000e+01  1.807220e+01
      vertex  2.386748e+00  7.658453e+01  1.560118e+01
    endloop
  endfacet
  facet normal -9.848078e-01 -1.736482e-01  0.000000e+00
    outer loop
      vertex  2.386748e+00  7.658453e+01  1.560118e+01
      vertex  2.666144e+00  7.500000e+01  1.807220e+01
      vertex  2.386748e+00  7.658453e+01  1.835160e+01
    endloop
  endfacet
  facet normal  -0.000000e+00  0.000000e+00 -1.000000e+00
    outer loop
      vertex  2.386748e+00  8.120000e+01  1.560118e+01
      vertex  2.437163e+00  8.120000e+01  1.560118e+01
      vertex  2.386748e+00  7.658453e+01  1.560118e+01
    endloop
  endfacet
  facet normal  0.000000e+00  0.000000e+00 -1.000000e+00
    outer loop
      vertex  2.386748e+00  7.658453e+01  1.560118e+01
      vertex  2.437163e+00  8.120000e+01  1.560118e+01
      vertex  2.437163e+00  8.070000e+01  1.560118e+01
    endloop
  endfacet
  facet normal  0.000000e+00  -0.000000e+00 -1.000000e+00
    outer loop
      vertex  2.386748e+00  7.658453e+01  1.560118e+01
      vertex  2.437163e+00  8.070000e+01  1.560118e+01
      vertex  2.666144e+00  7.500000e+01  1.560118e+01
    endloop
  endfacet
  facet normal  0.000000e+00  0.000000e+00 -1.000000e+00
    outer loop
      vertex  2.666144e+00  7.500000e+01  1.560118e+01
      vertex  2.437163e+00  8.070000e+01  1.560118e+01
      vertex  1.112429e+01  7.500000e+01  1.560118e+01
    endloop
  endfacet
  facet normal  0.000000e+00  0.000000e+00 -1.000000e+00
    outer loop
      vertex  1.112429e+01  7.500000e+01  1.560118e+01
      vertex  2.437163e+00  8.070000e+01  1.560118e+01
      vertex  1.112429e+01  8.070000e+01  1.560118e+01
    endloop
  endfacet
  facet normal  0.000000e+00 -1.000000e+00  0.000000e+00
    outer loop
      vertex  2.386748e+00  8.120000e+01  1.560118e+01
      vertex  2.386748e+00  8.120000e+01  6.100000e+00
      vertex  2.437163e+00  8.120000e+01  1.560118e+01
    endloop
  endfacet
  facet normal  0.000000e+00 -1.000000e+00  -0.000000e+00
    outer loop
      vertex  2.437163e+00  8.120000e+01  1.560118e+01
      vertex  2.386748e+00  8.120000e+01  6.100000e+00
      vertex  2.437163e+00  8.120000e+01  6.100000e+00
    endloop
  endfacet
  facet normal  0.000000e+00  -0.000000e+00  1.000000e+00
    outer loop
      vertex  2.386748e+00  8.120000e+01  6.100000e+00
      vertex  2.437163e+00  8.070000e+01  6.100000e+00
      vertex  2.437163e+00  8.120000e+01  6.100000e+00
    endloop
  endfacet
  facet normal  0.000000e+00  0.000000e+00  1.000000e+00
    outer loop
      vertex  1.112429e+01  7.500000e+01  6.100000e+00
      vertex  1.112429e+01  8.070000e+01  6.100000e+00
      vertex  2.666144e+00  7.500000e+01  6.100000e+00
    endloop
  endfacet
  facet normal  0.000000e+00  -0.000000e+00  1.000000e+00
    outer loop
      vertex  2.666144e+00  7.500000e+01  6.100000e+00
      vertex  1.112429e+01  8.070000e+01  6.100000e+00
      vertex  2.437163e+00  8.070000e+01  6.100000e+00
    endloop
  endfacet
  facet normal  0.000000e+00  0.000000e+00  1.000000e+00
    outer loop
      vertex  2.666144e+00  7.500000e+01  6.100000e+00
      vertex  2.437163e+00  8.070000e+01  6.100000e+00
      vertex  2.386748e+00  7.658453e+01  6.100000e+00
    endloop
  endfacet
  facet normal  0.000000e+00  0.000000e+00  1.000000e+00
    outer loop
      vertex  2.386748e+00  7.658453e+01  6.100000e+00
      vertex  2.437163e+00  8.070000e+01  6.100000e+00
      vertex  2.386748e+00  8.120000e+01  6.100000e+00
    endloop
  endfacet
  facet normal -9.346710e-01  3.555138e-01  0.000000e+00
    outer loop
      vertex  6.455758e-01  8.158697e+01 -1.200000e+00
      vertex  4.983867e-01  8.120000e+01 -1.200000e+00
      vertex  4.983867e-01  8.120000e+01  3.000000e-01
    endloop
  endfacet
  facet normal -9.346710e-01  3.555138e-01  0.000000e+00
    outer loop
      vertex  6.455758e-01  8.158697e+01 -1.200000e+00
      vertex  4.983867e-01  8.120000e+01  3.000000e-01
      vertex  4.983867e-01  8.120000e+01  1.400000e+00
    endloop
  endfacet
  facet normal -9.346709e-01  3.555138e-01  0.000000e+00
    outer loop
      vertex  6.455758e-01  8.158697e+01 -1.200000e+00
      vertex  4.983867e-01  8.120000e+01  1.400000e+00
      vertex  4.983867e-01  8.120000e+01  2.700000e+00
    endloop
  endfacet
  facet normal -9.346710e-01  3.555138e-01  0.000000e+00
    outer loop
      vertex  6.455758e-01  8.158697e+01 -1.200000e+00
      vertex  4.983867e-01  8.120000e+01  2.700000e+00
      vertex  6.455758e-01  8.158697e+01  2.700000e+00
    endloop
  endfacet
  facet normal -8.386970e-01  5.445983e-01  0.000000e+00
    outer loop
      vertex  2.826396e-01  8.079712e+01  1.386032e+00
      vertex  2.195744e-01  8.070000e+01  3.336883e-01
      vertex  2.195744e-01  8.070000e+01  1.366312e+00
    endloop
  endfacet
  facet normal -8.386970e-01  5.445983e-01  0.000000e+00
    outer loop
      vertex  2.195744e-01  8.070000e+01  3.336883e-01
      vertex  2.826396e-01  8.079712e+01  1.386032e+00
      vertex  2.826396e-01  8.079712e+01  3.139684e-01
    endloop
  endfacet
  facet normal -8.656056e-01  5.007264e-01  0.000000e+00
    outer loop
      vertex  2.826396e-01  8.079712e+01  3.139684e-01
      vertex  2.826396e-01  8.079712e+01  1.386032e+00
      vertex  4.000000e-01  8.100000e+01  1.400000e+00
    endloop
  endfacet
  facet normal -8.656057e-01  5.007264e-01  0.000000e+00
    outer loop
      vertex  2.826396e-01  8.079712e+01  3.139684e-01
      vertex  4.000000e-01  8.100000e+01  1.400000e+00
      vertex  4.000000e-01  8.100000e+01  3.000000e-01
    endloop
  endfacet
  facet normal -8.973010e-01  4.414190e-01  0.000000e+00
    outer loop
      vertex  4.000000e-01  8.100000e+01  3.000000e-01
      vertex  4.000000e-01  8.100000e+01  1.400000e+00
      vertex  4.983867e-01  8.120000e+01  1.400000e+00
    endloop
  endfacet
  facet normal -8.973010e-01  4.414190e-01  0.000000e+00
    outer loop
      vertex  4.000000e-01  8.100000e+01  3.000000e-01
      vertex  4.983867e-01  8.120000e+01  1.400000e+00
      vertex  4.983867e-01  8.120000e+01  3.000000e-01
    endloop
  endfacet
  facet normal -9.709505e-01  2.392804e-01  0.000000e+00
    outer loop
      vertex  6.455758e-01  8.158697e+01  2.700000e+00
      vertex  7.446407e-01  8.198895e+01  2.700000e+00
      vertex  6.455758e-01  8.158697e+01 -1.200000e+00
    endloop
  endfacet
  facet normal -9.709505e-01  2.392804e-01  0.000000e+00
    outer loop
      vertex  6.455758e-01  8.158697e+01 -1.200000e+00
      vertex  7.446407e-01  8.198895e+01  2.700000e+00
      vertex  7.446407e-01  8.198895e+01 -1.200000e+00
    endloop
  endfacet
  facet normal -9.928351e-01  1.194928e-01  0.000000e+00
    outer loop
      vertex  7.446407e-01  8.198895e+01  2.700000e+00
      vertex  7.941126e-01  8.240000e+01  2.700000e+00
      vertex  7.446407e-01  8.198895e+01 -1.200000e+00
    endloop
  endfacet
  facet normal -9.928351e-01  1.194928e-01  0.000000e+00
    outer loop
      vertex  7.446407e-01  8.198895e+01 -1.200000e+00
      vertex  7.941126e-01  8.240000e+01  2.700000e+00
      vertex  7.941126e-01  8.240000e+01 -1.200000e+00
    endloop
  endfacet
  facet normal  0.000000e+00 -1.000000e+00  0.000000e+00
    outer loop
      vertex  4.983867e-01  8.120000e+01  1.400000e+00
      vertex  2.437163e+00  8.120000e+01  1.400000e+00
      vertex  2.437163e+00  8.120000e+01  2.141742e+00
    endloop
  endfacet
  facet normal  -0.000000e+00 -1.000000e+00  0.000000e+00
    outer loop
      vertex  4.983867e-01  8.120000e+01  1.400000e+00
      vertex  2.437163e+00  8.120000e+01  2.141742e+00
      vertex  2.352893e+00  8.120000e+01  2.188672e+00
    endloop
  endfacet
  facet normal  -0.000000e+00 -1.000000e+00  0.000000e+00
    outer loop
      vertex  4.983867e-01  8.120000e+01  1.400000e+00
      vertex  2.352893e+00  8.120000e+01  2.188672e+00
      vertex  2.279202e+00  8.120000e+01  2.250910e+00
    endloop
  endfacet
  facet normal  -0.000000e+00 -1.000000e+00  0.000000e+00
    outer loop
      vertex  4.983867e-01  8.120000e+01  1.400000e+00
      vertex  2.279202e+00  8.120000e+01  2.250910e+00
      vertex  2.218833e+00  8.120000e+01  2.326139e+00
    endloop
  endfacet
  facet normal  -0.000000e+00 -1.000000e+00  0.000000e+00
    outer loop
      vertex  4.983867e-01  8.120000e+01  1.400000e+00
      vertex  2.218833e+00  8.120000e+01  2.326139e+00
      vertex  2.174032e+00  8.120000e+01  2.411560e+00
    endloop
  endfacet
  facet normal  -0.000000e+00 -1.000000e+00  0.000000e+00
    outer loop
      vertex  4.983867e-01  8.120000e+01  1.400000e+00
      vertex  2.174032e+00  8.120000e+01  2.411560e+00
      vertex  2.146467e+00  8.120000e+01  2.503993e+00
    endloop
  endfacet
  facet normal  -0.000000e+00 -1.000000e+00  0.000000e+00
    outer loop
      vertex  4.983867e-01  8.120000e+01  1.400000e+00
      vertex  2.146467e+00  8.120000e+01  2.503993e+00
      vertex  2.137163e+00  8.120000e+01  2.600000e+00
    endloop
  endfacet
  facet normal  -0.000000e+00 -1.000000e+00  0.000000e+00
    outer loop
      vertex  4.983867e-01  8.120000e+01  1.400000e+00
      vertex  2.137163e+00  8.120000e+01  2.600000e+00
      vertex  2.137163e+00  8.120000e+01  2.700000e+00
    endloop
  endfacet
  facet normal  -0.000000e+00 -1.000000e+00  0.000000e+00
    outer loop
      vertex  4.983867e-01  8.120000e+01  1.400000e+00
      vertex  2.137163e+00  8.120000e+01  2.700000e+00
      vertex  4.983867e-01  8.120000e+01  2.700000e+00
    endloop
  endfacet
  facet normal -1.000000e+00  0.000000e+00  0.000000e+00
    outer loop
      vertex  2.137163e+00  7.800000e+01  2.600000e+00
      vertex  2.137163e+00  7.800000e+01  2.700000e+00
      vertex  2.137163e+00  8.120000e+01  2.600000e+00
    endloop
  endfacet
  facet normal -1.000000e+00  0.000000e+00  0.000000e+00
    outer loop
      vertex  2.137163e+00  8.120000e+01  2.600000e+00
      vertex  2.137163e+00  7.800000e+01  2.700000e+00
      vertex  2.137163e+00  8.120000e+01  2.700000e+00
    endloop
  endfacet
  facet normal -9.848077e-01 -1.736482e-01  -0.000000e+00
    outer loop
      vertex  2.666144e+00  7.500000e+01  2.628981e+00
      vertex  2.666144e+00  7.500000e+01  6.100000e+00
      vertex  2.386748e+00  7.658453e+01  6.100000e+00
    endloop
  endfacet
  facet normal -9.848077e-01 -1.736482e-01  -0.000000e+00
    outer loop
      vertex  2.666144e+00  7.500000e+01  2.628981e+00
      vertex  2.386748e+00  7.658453e+01  6.100000e+00
      vertex  2.386748e+00  7.658453e+01  2.700000e+00
    endloop
  endfacet
  facet normal -9.848077e-01 -1.736482e-01  0.000000e+00
    outer loop
      vertex  2.666144e+00  7.500000e+01  2.628981e+00
      vertex  2.386748e+00  7.658453e+01  2.700000e+00
      vertex  2.137163e+00  7.800000e+01  2.700000e+00
    endloop
  endfacet
  facet normal -9.848078e-01 -1.736482e-01  -0.000000e+00
    outer loop
      vertex  2.666144e+00  7.500000e+01  2.628981e+00
      vertex  2.137163e+00  7.800000e+01  2.700000e+00
      vertex  2.137163e+00  7.800000e+01  2.600000e+00
    endloop
  endfacet
  facet normal -9.848078e-01 -1.736477e-01  5.193815e-05
    outer loop
      vertex  2.666144e+00  7.500000e+01  2.628981e+00
      vertex  2.137163e+00  7.800000e+01  2.600000e+00
      vertex  2.137237e+00  7.799958e+01  2.589446e+00
    endloop
  endfacet
  facet normal -9.848074e-01 -1.736505e-01 -1.671037e-04
    outer loop
      vertex  2.666144e+00  7.500000e+01  2.628981e+00
      vertex  2.137237e+00  7.799958e+01  2.589446e+00
      vertex  2.137372e+00  7.799882e+01  2.584183e+00
    endloop
  endfacet
  facet normal -9.848079e-01 -1.736475e-01  4.210358e-05
    outer loop
      vertex  2.666144e+00  7.500000e+01  2.628981e+00
      vertex  2.137372e+00  7.799882e+01  2.584183e+00
      vertex  2.137701e+00  7.799695e+01  2.576388e+00
    endloop
  endfacet
  facet normal -9.848077e-01 -1.736485e-01 -1.889754e-05
    outer loop
      vertex  2.666144e+00  7.500000e+01  2.628981e+00
      vertex  2.137701e+00  7.799695e+01  2.576388e+00
      vertex  2.138382e+00  7.799309e+01  2.565107e+00
    endloop
  endfacet
  facet normal -9.848079e-01 -1.736476e-01  2.415024e-05
    outer loop
      vertex  2.666144e+00  7.500000e+01  2.628981e+00
      vertex  2.138382e+00  7.799309e+01  2.565107e+00
      vertex  2.139929e+00  7.798431e+01  2.547499e+00
    endloop
  endfacet
  facet normal -9.848076e-01 -1.736490e-01 -3.029720e-05
    outer loop
      vertex  2.666144e+00  7.500000e+01  2.628981e+00
      vertex  2.139929e+00  7.798431e+01  2.547499e+00
      vertex  2.141214e+00  7.797703e+01  2.536499e+00
    endloop
  endfacet
  facet normal -9.848077e-01 -1.736488e-01 -2.140299e-05
    outer loop
      vertex  2.666144e+00  7.500000e+01  2.628981e+00
      vertex  2.141214e+00  7.797703e+01  2.536499e+00
      vertex  2.144190e+00  7.796015e+01  2.516468e+00
    endloop
  endfacet
  facet normal -9.848080e-01 -1.736466e-01  3.670443e-05
    outer loop
      vertex  2.666144e+00  7.500000e+01  2.628981e+00
      vertex  2.144190e+00  7.796015e+01  2.516468e+00
      vertex  2.149129e+00  7.793214e+01  2.491280e+00
    endloop
  endfacet
  facet normal -9.848075e-01 -1.736494e-01 -2.370274e-05
    outer loop
      vertex  2.666144e+00  7.500000e+01  2.628981e+00
      vertex  2.149129e+00  7.793214e+01  2.491280e+00
      vertex  2.152702e+00  7.791187e+01  2.476329e+00
    endloop
  endfacet
  facet normal -9.848075e-01 -1.736493e-01 -2.093657e-05
    outer loop
      vertex  2.666144e+00  7.500000e+01  2.628981e+00
      vertex  2.152702e+00  7.791187e+01  2.476329e+00
      vertex  2.160219e+00  7.786925e+01  2.449919e+00
    endloop
  endfacet
  facet normal -9.848080e-01 -1.736471e-01  1.491324e-05
    outer loop
      vertex  2.666144e+00  7.500000e+01  2.628981e+00
      vertex  2.160219e+00  7.786925e+01  2.449919e+00
      vertex  2.168422e+00  7.782272e+01  2.425987e+00
    endloop
  endfacet
  facet normal -9.848080e-01 -1.736470e-01  1.594876e-05
    outer loop
      vertex  2.666144e+00  7.500000e+01  2.628981e+00
      vertex  2.168422e+00  7.782272e+01  2.425987e+00
      vertex  2.185435e+00  7.772623e+01  2.385660e+00
    endloop
  endfacet
  facet normal -9.848076e-01 -1.736495e-01 -1.271956e-05
    outer loop
      vertex  2.666144e+00  7.500000e+01  2.628981e+00
      vertex  2.185435e+00  7.772623e+01  2.385660e+00
      vertex  2.206697e+00  7.760565e+01  2.345640e+00
    endloop
  endfacet
  facet normal -9.848077e-01 -1.736481e-01  3.172526e-08
    outer loop
      vertex  2.666144e+00  7.500000e+01  2.628981e+00
      vertex  2.206697e+00  7.760565e+01  2.345640e+00
      vertex  2.250012e+00  7.736000e+01  2.283592e+00
    endloop
  endfacet
  facet normal -9.848078e-01 -1.736474e-01  5.402404e-06
    outer loop
      vertex  2.666144e+00  7.500000e+01  2.628981e+00
      vertex  2.250012e+00  7.736000e+01  2.283592e+00
      vertex  2.283610e+00  7.716946e+01  2.246447e+00
    endloop
  endfacet
  facet normal -1.000000e+00  0.000000e+00  0.000000e+00
    outer loop
      vertex  2.386748e+00  8.140000e+01  1.713978e+01
      vertex  2.386748e+00  8.140000e+01  4.386082e+00
      vertex  2.386748e+00  8.120000e+01  6.100000e+00
    endloop
  endfacet
  facet normal -1.000000e+00  0.000000e+00  0.000000e+00
    outer loop
      vertex  2.386748e+00  8.140000e+01  1.713978e+01
      vertex  2.386748e+00  8.120000e+01  6.100000e+00
      vertex  2.386748e+00  8.120000e+01  1.560118e+01
    endloop
  endfacet
  facet normal -1.000000e+00  0.000000e+00  0.000000e+00
    outer loop
      vertex  2.386748e+00  8.140000e+01  1.713978e+01
      vertex  2.386748e+00  8.120000e+01  1.560118e+01
      vertex  2.386748e+00  8.120000e+01  1.853395e+01
    endloop
  endfacet
  facet normal -1.000000e+00  0.000000e+00  0.000000e+00
    outer loop
      vertex  2.386748e+00  8.140000e+01  1.713978e+01
      vertex  2.386748e+00  8.120000e+01  1.853395e+01
      vertex  2.386748e+00  8.120000e+01  1.996924e+01
    endloop
  endfacet
  facet normal -1.000000e+00  0.000000e+00  0.000000e+00
    outer loop
      vertex  2.386748e+00  8.140000e+01  1.713978e+01
      vertex  2.386748e+00  8.120000e+01  1.996924e+01
      vertex  2.386748e+00  8.240000e+01  1.996924e+01
    endloop
  endfacet
  facet normal -1.000000e+00  0.000000e+00  -0.000000e+00
    outer loop
      vertex  2.386748e+00  8.140000e+01  1.713978e+01
      vertex  2.386748e+00  8.240000e+01  1.996924e+01
      vertex  2.386748e+00  8.240000e+01  1.713978e+01
    endloop
  endfacet
  facet normal -1.000000e+00  -0.000000e+00  0.000000e+00
    outer loop
      vertex  2.386748e+00  7.658453e+01  6.100000e+00
      vertex  2.386748e+00  8.120000e+01  6.100000e+00
      vertex  2.386748e+00  7.658453e+01  2.700000e+00
    endloop
  endfacet
  facet normal -1.000000e+00  0.000000e+00  0.000000e+00
    outer loop
      vertex  2.386748e+00  7.658453e+01  2.700000e+00
      vertex  2.386748e+00  8.120000e+01  6.100000e+00
      vertex  2.386748e+00  8.140000e+01  4.386082e+00
    endloop
  endfacet
  facet normal -1.000000e+00  0.000000e+00  -0.000000e+00
    outer loop
      vertex  2.386748e+00  7.658453e+01  2.700000e+00
      vertex  2.386748e+00  8.140000e+01  4.386082e+00
      vertex  2.386748e+00  8.240000e+01  2.700000e+00
    endloop
  endfacet
  facet normal -9.999999e-01  0.000000e+00  0.000000e+00
    outer loop
      vertex  2.386748e+00  8.240000e+01  2.700000e+00
      vertex  2.386748e+00  8.140000e+01  4.386082e+00
      vertex  2.386748e+00  8.240000e+01  4.386082e+00
    endloop
  endfacet
  facet normal -1.000000e+00  4.660164e-07  0.000000e+00
    outer loop
      vertex  2.386748e+00  8.120000e+01  1.853395e+01
      vertex  2.386748e+00  8.120000e+01  1.560118e+01
      vertex  2.386746e+00  7.761873e+01  1.853395e+01
    endloop
  endfacet
  facet normal -1.000000e+00  0.000000e+00 -5.690622e-07
    outer loop
      vertex  2.386746e+00  7.761873e+01  1.853395e+01
      vertex  2.386748e+00  8.120000e+01  1.560118e+01
      vertex  2.386748e+00  7.658453e+01  1.560118e+01
    endloop
  endfacet
  facet normal -1.000000e+00 -1.613748e-06  0.000000e+00
    outer loop
      vertex  2.386746e+00  7.761873e+01  1.853395e+01
      vertex  2.386748e+00  7.658453e+01  1.560118e+01
      vertex  2.386748e+00  7.658453e+01  1.835160e+01
    endloop
  endfacet
  facet normal  -0.000000e+00  0.000000e+00  1.000000e+00
    outer loop
      vertex  2.386748e+00  8.240000e+01  2.700000e+00
      vertex  7.941126e-01  8.240000e+01  2.700000e+00
      vertex  7.446407e-01  8.198895e+01  2.700000e+00
    endloop
  endfacet
  facet normal  -0.000000e+00  0.000000e+00  1.000000e+00
    outer loop
      vertex  2.386748e+00  8.240000e+01  2.700000e+00
      vertex  7.446407e-01  8.198895e+01  2.700000e+00
      vertex  6.455758e-01  8.158697e+01  2.700000e+00
    endloop
  endfacet
  facet normal  -0.000000e+00  0.000000e+00  1.000000e+00
    outer loop
      vertex  2.386748e+00  8.240000e+01  2.700000e+00
      vertex  6.455758e-01  8.158697e+01  2.700000e+00
      vertex  4.983867e-01  8.120000e+01  2.700000e+00
    endloop
  endfacet
  facet normal  0.000000e+00  0.000000e+00  1.000000e+00
    outer loop
      vertex  2.386748e+00  8.240000e+01  2.700000e+00
      vertex  4.983867e-01  8.120000e+01  2.700000e+00
      vertex  2.137163e+00  8.120000e+01  2.700000e+00
    endloop
  endfacet
  facet normal  -0.000000e+00  0.000000e+00  1.000000e+00
    outer loop
      vertex  2.386748e+00  8.240000e+01  2.700000e+00
      vertex  2.137163e+00  8.120000e+01  2.700000e+00
      vertex  2.137163e+00  7.800000e+01  2.700000e+00
    endloop
  endfacet
  facet normal  -0.000000e+00  0.000000e+00  1.000000e+00
    outer loop
      vertex  2.386748e+00  8.240000e+01  2.700000e+00
      vertex  2.137163e+00  7.800000e+01  2.700000e+00
      vertex  2.386748e+00  7.658453e+01  2.700000e+00
    endloop
  endfacet
endsolid CATIA STL
